[    1261ms] [INFO] %cDownload the React DevTools for a better development experience: https://react.dev/link/react-devtools font-weight:bold @ webpack-internal:///(app-pages-browser)/../../node_modules/.pnpm/next@15.5.14_react-dom@18.3.1_react@18.3.1__react@18.3.1/node_modules/next/dist/compiled/react-dom/cjs/react-dom-client.development.js:25630
[  102709ms] [LOG] [Fast Refresh] rebuilding @ webpack-internal:///(app-pages-browser)/../../node_modules/.pnpm/next@15.5.14_react-dom@18.3.1_react@18.3.1__react@18.3.1/node_modules/next/dist/client/dev/hot-reloader/app/hot-reloader-app.js:196
[  106097ms] [LOG] [Fast Refresh] done in 3412ms @ webpack-internal:///(app-pages-browser)/../../node_modules/.pnpm/next@15.5.14_react-dom@18.3.1_react@18.3.1__react@18.3.1/node_modules/next/dist/client/dev/report-hmr-latency.js:13
[  110711ms] [LOG] [Fast Refresh] rebuilding @ webpack-internal:///(app-pages-browser)/../../node_modules/.pnpm/next@15.5.14_react-dom@18.3.1_react@18.3.1__react@18.3.1/node_modules/next/dist/client/dev/hot-reloader/app/hot-reloader-app.js:196
[  111097ms] [LOG] [Fast Refresh] done in 387ms @ webpack-internal:///(app-pages-browser)/../../node_modules/.pnpm/next@15.5.14_react-dom@18.3.1_react@18.3.1__react@18.3.1/node_modules/next/dist/client/dev/report-hmr-latency.js:13
[ 3770187ms] [LOG] [Fast Refresh] rebuilding @ webpack-internal:///(app-pages-browser)/../../node_modules/.pnpm/next@15.5.14_react-dom@18.3.1_react@18.3.1__react@18.3.1/node_modules/next/dist/client/dev/hot-reloader/app/hot-reloader-app.js:196
[ 3771250ms] [LOG] [Fast Refresh] done in 1068ms @ webpack-internal:///(app-pages-browser)/../../node_modules/.pnpm/next@15.5.14_react-dom@18.3.1_react@18.3.1__react@18.3.1/node_modules/next/dist/client/dev/report-hmr-latency.js:13
[ 3896386ms] [LOG] [Fast Refresh] rebuilding @ webpack-internal:///(app-pages-browser)/../../node_modules/.pnpm/next@15.5.14_react-dom@18.3.1_react@18.3.1__react@18.3.1/node_modules/next/dist/client/dev/hot-reloader/app/hot-reloader-app.js:196
[ 3898345ms] [LOG] [Fast Refresh] done in 1965ms @ webpack-internal:///(app-pages-browser)/../../node_modules/.pnpm/next@15.5.14_react-dom@18.3.1_react@18.3.1__react@18.3.1/node_modules/next/dist/client/dev/report-hmr-latency.js:13
[ 3905730ms] [LOG] [Fast Refresh] rebuilding @ webpack-internal:///(app-pages-browser)/../../node_modules/.pnpm/next@15.5.14_react-dom@18.3.1_react@18.3.1__react@18.3.1/node_modules/next/dist/client/dev/hot-reloader/app/hot-reloader-app.js:196
[ 3905975ms] [LOG] [Fast Refresh] done in 244ms @ webpack-internal:///(app-pages-browser)/../../node_modules/.pnpm/next@15.5.14_react-dom@18.3.1_react@18.3.1__react@18.3.1/node_modules/next/dist/client/dev/report-hmr-latency.js:13
[ 3923491ms] [LOG] [Fast Refresh] rebuilding @ webpack-internal:///(app-pages-browser)/../../node_modules/.pnpm/next@15.5.14_react-dom@18.3.1_react@18.3.1__react@18.3.1/node_modules/next/dist/client/dev/hot-reloader/app/hot-reloader-app.js:196
[ 3924409ms] [LOG] [Fast Refresh] rebuilding @ webpack-internal:///(app-pages-browser)/../../node_modules/.pnpm/next@15.5.14_react-dom@18.3.1_react@18.3.1__react@18.3.1/node_modules/next/dist/client/dev/hot-reloader/app/hot-reloader-app.js:196
[ 3924427ms] [LOG] [Fast Refresh] done in 19ms @ webpack-internal:///(app-pages-browser)/../../node_modules/.pnpm/next@15.5.14_react-dom@18.3.1_react@18.3.1__react@18.3.1/node_modules/next/dist/client/dev/report-hmr-latency.js:13
[ 3925292ms] [LOG] [Fast Refresh] done in 883ms @ webpack-internal:///(app-pages-browser)/../../node_modules/.pnpm/next@15.5.14_react-dom@18.3.1_react@18.3.1__react@18.3.1/node_modules/next/dist/client/dev/report-hmr-latency.js:13
[ 3926605ms] [ERROR] Failed to load resource: the server responded with a status of 500 (Internal Server Error) @ http://localhost:3000/payments?_rsc=6e9ly:0
[ 3926610ms] [ERROR] Failed to load resource: the server responded with a status of 500 (Internal Server Error) @ http://localhost:3000/api/follow-ups:0
[ 3926610ms] [LOG] [Fast Refresh] rebuilding @ webpack-internal:///(app-pages-browser)/../../node_modules/.pnpm/next@15.5.14_react-dom@18.3.1_react@18.3.1__react@18.3.1/node_modules/next/dist/client/dev/hot-reloader/app/hot-reloader-app.js:196
[ 3927408ms] [LOG] [Fast Refresh] rebuilding @ webpack-internal:///(app-pages-browser)/../../node_modules/.pnpm/next@15.5.14_react-dom@18.3.1_react@18.3.1__react@18.3.1/node_modules/next/dist/client/dev/hot-reloader/app/hot-reloader-app.js:196
[ 3927445ms] [LOG] [Fast Refresh] done in 37ms @ webpack-internal:///(app-pages-browser)/../../node_modules/.pnpm/next@15.5.14_react-dom@18.3.1_react@18.3.1__react@18.3.1/node_modules/next/dist/client/dev/report-hmr-latency.js:13
[ 3928888ms] [LOG] [Fast Refresh] done in 1481ms @ webpack-internal:///(app-pages-browser)/../../node_modules/.pnpm/next@15.5.14_react-dom@18.3.1_react@18.3.1__react@18.3.1/node_modules/next/dist/client/dev/report-hmr-latency.js:13
[ 3929635ms] [ERROR] Failed to load resource: the server responded with a status of 500 (Internal Server Error) @ http://localhost:3000/payments?_rsc=6e9ly:0
[ 3929930ms] [ERROR] Failed to load resource: the server responded with a status of 500 (Internal Server Error) @ http://localhost:3000/payments?_rsc=6e9ly:0
[ 3930363ms] [ERROR] Failed to load resource: the server responded with a status of 500 (Internal Server Error) @ http://localhost:3000/payments?_rsc=6e9ly:0
[ 3931062ms] [ERROR] Failed to load resource: the server responded with a status of 500 (Internal Server Error) @ http://localhost:3000/payments:0
[ 3932075ms] [INFO] %cDownload the React DevTools for a better development experience: https://reactjs.org/link/react-devtools font-weight:bold @ webpack-internal:///(pages-dir-browser)/../../node_modules/.pnpm/react-dom@18.3.1_react@18.3.1/node_modules/react-dom/cjs/react-dom.development.js:29889
[ 3932424ms] Error: Publishable key not valid.
    at parsePublishableKey (webpack-internal:///(middleware)/../../node_modules/.pnpm/@clerk+shared@4.3.2_react-dom@18.3.1_react@18.3.1__react@18.3.1/node_modules/@clerk/shared/dist/runtime/keys-DuxzP8MU.mjs:70:54)
    at assertValidPublishableKey (webpack-internal:///(middleware)/../../node_modules/.pnpm/@clerk+backend@3.2.2_react-dom@18.3.1_react@18.3.1__react@18.3.1/node_modules/@clerk/backend/dist/chunk-GSO4M56Z.mjs:392:75)
    at AuthenticateContext.initPublishableKeyValues (webpack-internal:///(middleware)/../../node_modules/.pnpm/@clerk+backend@3.2.2_react-dom@18.3.1_react@18.3.1__react@18.3.1/node_modules/@clerk/backend/dist/chunk-GSO4M56Z.mjs:530:5)
    at new AuthenticateContext (webpack-internal:///(middleware)/../../node_modules/.pnpm/@clerk+backend@3.2.2_react-dom@18.3.1_react@18.3.1__react@18.3.1/node_modules/@clerk/backend/dist/chunk-GSO4M56Z.mjs:420:12)
    at createAuthenticateContext (webpack-internal:///(middleware)/../../node_modules/.pnpm/@clerk+backend@3.2.2_react-dom@18.3.1_react@18.3.1__react@18.3.1/node_modules/@clerk/backend/dist/chunk-GSO4M56Z.mjs:628:10)
    at async authenticateRequest (webpack-internal:///(middleware)/../../node_modules/.pnpm/@clerk+backend@3.2.2_react-dom@18.3.1_react@18.3.1__react@18.3.1/node_modules/@clerk/backend/dist/chunk-GSO4M56Z.mjs:5538:31)
    at async eval (webpack-internal:///(middleware)/../../node_modules/.pnpm/@clerk+nextjs@7.0.6_next@15.5.14_react-dom@18.3.1_react@18.3.1__react@18.3.1__react-dom_5866f21009a17d896deae86ab10aec93/node_modules/@clerk/nextjs/dist/esm/server/clerkMiddleware.js:105:28)
    at async eval (webpack-internal:///(middleware)/../../node_modules/.pnpm/next@15.5.14_react-dom@18.3.1_react@18.3.1__react@18.3.1/node_modules/next/dist/build/webpack/loaders/next-middleware-loader.js?absolutePagePath=%2FUsers%2Fyashvardhansinhjhala%2Fforge%2Fapps%2Fweb%2Fsrc%2Fmiddleware.ts&page=%2Fmiddleware&rootDir=%2FUsers%2Fyashvardhansinhjhala%2Fforge%2Fapps%2Fweb&matchers=&preferredRegion=&middlewareConfig=e30%3D!:32:20)
    at async eval (webpack-internal:///(middleware)/../../node_modules/.pnpm/next@15.5.14_react-dom@18.3.1_react@18.3.1__react@18.3.1/node_modules/next/dist/esm/server/web/adapter.js:255:28)
    at async adapter (webpack-internal:///(middleware)/../../node_modules/.pnpm/next@15.5.14_react-dom@18.3.1_react@18.3.1__react@18.3.1/node_modules/next/dist/esm/server/web/adapter.js:210:16)
[ 3932400ms] [LOG] [HMR] connected @ webpack-internal:///(pages-dir-browser)/../../node_modules/.pnpm/next@15.5.14_react-dom@18.3.1_react@18.3.1__react@18.3.1/node_modules/next/dist/client/dev/hot-reloader/pages/websocket.js:45
[ 3962505ms] [LOG] [Fast Refresh] rebuilding @ webpack-internal:///(pages-dir-browser)/../../node_modules/.pnpm/next@15.5.14_react-dom@18.3.1_react@18.3.1__react@18.3.1/node_modules/next/dist/client/dev/hot-reloader/pages/hot-reloader-pages.js:206
[ 3963606ms] [WARNING] [Fast Refresh] performing full reload because your application had an unrecoverable error @ webpack-internal:///(pages-dir-browser)/../../node_modules/.pnpm/next@15.5.14_react-dom@18.3.1_react@18.3.1__react@18.3.1/node_modules/next/dist/client/dev/hot-reloader/pages/hot-reloader-pages.js:347
[ 3964052ms] [ERROR] Failed to load resource: the server responded with a status of 500 (Internal Server Error) @ http://localhost:3000/payments:0
[ 3964337ms] [INFO] %cDownload the React DevTools for a better development experience: https://reactjs.org/link/react-devtools font-weight:bold @ webpack-internal:///(pages-dir-browser)/../../node_modules/.pnpm/react-dom@18.3.1_react@18.3.1/node_modules/react-dom/cjs/react-dom.development.js:29889
[ 3964362ms] Error: Publishable key not valid.
    at parsePublishableKey (webpack-internal:///(middleware)/../../node_modules/.pnpm/@clerk+shared@4.3.2_react-dom@18.3.1_react@18.3.1__react@18.3.1/node_modules/@clerk/shared/dist/runtime/keys-DuxzP8MU.mjs:70:54)
    at assertValidPublishableKey (webpack-internal:///(middleware)/../../node_modules/.pnpm/@clerk+backend@3.2.2_react-dom@18.3.1_react@18.3.1__react@18.3.1/node_modules/@clerk/backend/dist/chunk-GSO4M56Z.mjs:392:75)
    at AuthenticateContext.initPublishableKeyValues (webpack-internal:///(middleware)/../../node_modules/.pnpm/@clerk+backend@3.2.2_react-dom@18.3.1_react@18.3.1__react@18.3.1/node_modules/@clerk/backend/dist/chunk-GSO4M56Z.mjs:530:5)
    at new AuthenticateContext (webpack-internal:///(middleware)/../../node_modules/.pnpm/@clerk+backend@3.2.2_react-dom@18.3.1_react@18.3.1__react@18.3.1/node_modules/@clerk/backend/dist/chunk-GSO4M56Z.mjs:420:12)
    at createAuthenticateContext (webpack-internal:///(middleware)/../../node_modules/.pnpm/@clerk+backend@3.2.2_react-dom@18.3.1_react@18.3.1__react@18.3.1/node_modules/@clerk/backend/dist/chunk-GSO4M56Z.mjs:628:10)
    at async authenticateRequest (webpack-internal:///(middleware)/../../node_modules/.pnpm/@clerk+backend@3.2.2_react-dom@18.3.1_react@18.3.1__react@18.3.1/node_modules/@clerk/backend/dist/chunk-GSO4M56Z.mjs:5538:31)
    at async eval (webpack-internal:///(middleware)/../../node_modules/.pnpm/@clerk+nextjs@7.0.6_next@15.5.14_react-dom@18.3.1_react@18.3.1__react@18.3.1__react-dom_5866f21009a17d896deae86ab10aec93/node_modules/@clerk/nextjs/dist/esm/server/clerkMiddleware.js:105:28)
    at async eval (webpack-internal:///(middleware)/../../node_modules/.pnpm/next@15.5.14_react-dom@18.3.1_react@18.3.1__react@18.3.1/node_modules/next/dist/build/webpack/loaders/next-middleware-loader.js?absolutePagePath=%2FUsers%2Fyashvardhansinhjhala%2Fforge%2Fapps%2Fweb%2Fsrc%2Fmiddleware.ts&page=%2Fmiddleware&rootDir=%2FUsers%2Fyashvardhansinhjhala%2Fforge%2Fapps%2Fweb&matchers=&preferredRegion=&middlewareConfig=e30%3D!:32:20)
    at async eval (webpack-internal:///(middleware)/../../node_modules/.pnpm/next@15.5.14_react-dom@18.3.1_react@18.3.1__react@18.3.1/node_modules/next/dist/esm/server/web/adapter.js:255:28)
    at async adapter (webpack-internal:///(middleware)/../../node_modules/.pnpm/next@15.5.14_react-dom@18.3.1_react@18.3.1__react@18.3.1/node_modules/next/dist/esm/server/web/adapter.js:210:16)
[ 3964363ms] [LOG] [HMR] connected @ webpack-internal:///(pages-dir-browser)/../../node_modules/.pnpm/next@15.5.14_react-dom@18.3.1_react@18.3.1__react@18.3.1/node_modules/next/dist/client/dev/hot-reloader/pages/websocket.js:45
[ 4083055ms] [LOG] [Fast Refresh] rebuilding @ webpack-internal:///(pages-dir-browser)/../../node_modules/.pnpm/next@15.5.14_react-dom@18.3.1_react@18.3.1__react@18.3.1/node_modules/next/dist/client/dev/hot-reloader/pages/hot-reloader-pages.js:206
[ 4084161ms] [WARNING] [Fast Refresh] performing full reload because your application had an unrecoverable error @ webpack-internal:///(pages-dir-browser)/../../node_modules/.pnpm/next@15.5.14_react-dom@18.3.1_react@18.3.1__react@18.3.1/node_modules/next/dist/client/dev/hot-reloader/pages/hot-reloader-pages.js:347
[ 4084502ms] [LOG] [Fast Refresh] rebuilding @ webpack-internal:///(pages-dir-browser)/../../node_modules/.pnpm/next@15.5.14_react-dom@18.3.1_react@18.3.1__react@18.3.1/node_modules/next/dist/client/dev/hot-reloader/pages/hot-reloader-pages.js:206
[ 4084520ms] [ERROR] Failed to load resource: the server responded with a status of 500 (Internal Server Error) @ http://localhost:3000/payments:0
[ 4085990ms] [INFO] %cDownload the React DevTools for a better development experience: https://reactjs.org/link/react-devtools font-weight:bold @ webpack-internal:///(pages-dir-browser)/../../node_modules/.pnpm/react-dom@18.3.1_react@18.3.1/node_modules/react-dom/cjs/react-dom.development.js:29889
[ 4086028ms] Error: Publishable key not valid.
    at parsePublishableKey (webpack-internal:///(middleware)/../../node_modules/.pnpm/@clerk+shared@4.3.2_react-dom@18.3.1_react@18.3.1__react@18.3.1/node_modules/@clerk/shared/dist/runtime/keys-DuxzP8MU.mjs:70:54)
    at assertValidPublishableKey (webpack-internal:///(middleware)/../../node_modules/.pnpm/@clerk+backend@3.2.2_react-dom@18.3.1_react@18.3.1__react@18.3.1/node_modules/@clerk/backend/dist/chunk-GSO4M56Z.mjs:392:75)
    at AuthenticateContext.initPublishableKeyValues (webpack-internal:///(middleware)/../../node_modules/.pnpm/@clerk+backend@3.2.2_react-dom@18.3.1_react@18.3.1__react@18.3.1/node_modules/@clerk/backend/dist/chunk-GSO4M56Z.mjs:530:5)
    at new AuthenticateContext (webpack-internal:///(middleware)/../../node_modules/.pnpm/@clerk+backend@3.2.2_react-dom@18.3.1_react@18.3.1__react@18.3.1/node_modules/@clerk/backend/dist/chunk-GSO4M56Z.mjs:420:12)
    at createAuthenticateContext (webpack-internal:///(middleware)/../../node_modules/.pnpm/@clerk+backend@3.2.2_react-dom@18.3.1_react@18.3.1__react@18.3.1/node_modules/@clerk/backend/dist/chunk-GSO4M56Z.mjs:628:10)
    at async authenticateRequest (webpack-internal:///(middleware)/../../node_modules/.pnpm/@clerk+backend@3.2.2_react-dom@18.3.1_react@18.3.1__react@18.3.1/node_modules/@clerk/backend/dist/chunk-GSO4M56Z.mjs:5538:31)
    at async eval (webpack-internal:///(middleware)/../../node_modules/.pnpm/@clerk+nextjs@7.0.6_next@15.5.14_react-dom@18.3.1_react@18.3.1__react@18.3.1__react-dom_5866f21009a17d896deae86ab10aec93/node_modules/@clerk/nextjs/dist/esm/server/clerkMiddleware.js:105:28)
    at async eval (webpack-internal:///(middleware)/../../node_modules/.pnpm/next@15.5.14_react-dom@18.3.1_react@18.3.1__react@18.3.1/node_modules/next/dist/build/webpack/loaders/next-middleware-loader.js?absolutePagePath=%2FUsers%2Fyashvardhansinhjhala%2Fforge%2Fapps%2Fweb%2Fsrc%2Fmiddleware.ts&page=%2Fmiddleware&rootDir=%2FUsers%2Fyashvardhansinhjhala%2Fforge%2Fapps%2Fweb&matchers=&preferredRegion=&middlewareConfig=e30%3D!:32:20)
    at async eval (webpack-internal:///(middleware)/../../node_modules/.pnpm/next@15.5.14_react-dom@18.3.1_react@18.3.1__react@18.3.1/node_modules/next/dist/esm/server/web/adapter.js:255:28)
    at async adapter (webpack-internal:///(middleware)/../../node_modules/.pnpm/next@15.5.14_react-dom@18.3.1_react@18.3.1__react@18.3.1/node_modules/next/dist/esm/server/web/adapter.js:210:16)
[ 4086097ms] [LOG] [HMR] connected @ webpack-internal:///(pages-dir-browser)/../../node_modules/.pnpm/next@15.5.14_react-dom@18.3.1_react@18.3.1__react@18.3.1/node_modules/next/dist/client/dev/hot-reloader/pages/websocket.js:45
[ 4093596ms] [LOG] [Fast Refresh] rebuilding @ webpack-internal:///(pages-dir-browser)/../../node_modules/.pnpm/next@15.5.14_react-dom@18.3.1_react@18.3.1__react@18.3.1/node_modules/next/dist/client/dev/hot-reloader/pages/hot-reloader-pages.js:206
[ 4093992ms] [LOG] [Fast Refresh] rebuilding @ webpack-internal:///(pages-dir-browser)/../../node_modules/.pnpm/next@15.5.14_react-dom@18.3.1_react@18.3.1__react@18.3.1/node_modules/next/dist/client/dev/hot-reloader/pages/hot-reloader-pages.js:206
[ 4094010ms] [WARNING] [Fast Refresh] performing full reload because your application had an unrecoverable error @ webpack-internal:///(pages-dir-browser)/../../node_modules/.pnpm/next@15.5.14_react-dom@18.3.1_react@18.3.1__react@18.3.1/node_modules/next/dist/client/dev/hot-reloader/pages/hot-reloader-pages.js:347
[ 4096006ms] [LOG] [Fast Refresh] rebuilding @ webpack-internal:///(pages-dir-browser)/../../node_modules/.pnpm/next@15.5.14_react-dom@18.3.1_react@18.3.1__react@18.3.1/node_modules/next/dist/client/dev/hot-reloader/pages/hot-reloader-pages.js:206
[ 4096076ms] [WARNING] [Fast Refresh] performing full reload because your application had an unrecoverable error @ webpack-internal:///(pages-dir-browser)/../../node_modules/.pnpm/next@15.5.14_react-dom@18.3.1_react@18.3.1__react@18.3.1/node_modules/next/dist/client/dev/hot-reloader/pages/hot-reloader-pages.js:347
[ 4097046ms] [WARNING] [Fast Refresh] performing full reload

Fast Refresh will perform a full reload when you edit a file that's imported by modules outside of the React rendering tree.
You might have a file which exports a React component but also exports a value that is imported by a non-React component file.
Consider migrating the non-React component export to a separate file and importing it into both files.

It is also possible the parent component of the component you edited is a class component, which disables Fast Refresh.
Fast Refresh requires at least one parent function component in your React tree. @ webpack-internal:///(pages-dir-browser)/../../node_modules/.pnpm/next@15.5.14_react-dom@18.3.1_react@18.3.1__react@18.3.1/node_modules/next/dist/client/dev/hot-reloader/pages/hot-reloader-pages.js:345
[ 4097318ms] [ERROR] Failed to load resource: the server responded with a status of 500 (Internal Server Error) @ http://localhost:3000/payments:0
[ 4097764ms] [INFO] %cDownload the React DevTools for a better development experience: https://reactjs.org/link/react-devtools font-weight:bold @ webpack-internal:///(pages-dir-browser)/../../node_modules/.pnpm/react-dom@18.3.1_react@18.3.1/node_modules/react-dom/cjs/react-dom.development.js:29889
[ 4097851ms] Error: Publishable key not valid.
    at parsePublishableKey (webpack-internal:///(middleware)/../../node_modules/.pnpm/@clerk+shared@4.3.2_react-dom@18.3.1_react@18.3.1__react@18.3.1/node_modules/@clerk/shared/dist/runtime/keys-DuxzP8MU.mjs:70:54)
    at assertValidPublishableKey (webpack-internal:///(middleware)/../../node_modules/.pnpm/@clerk+backend@3.2.2_react-dom@18.3.1_react@18.3.1__react@18.3.1/node_modules/@clerk/backend/dist/chunk-GSO4M56Z.mjs:392:75)
    at AuthenticateContext.initPublishableKeyValues (webpack-internal:///(middleware)/../../node_modules/.pnpm/@clerk+backend@3.2.2_react-dom@18.3.1_react@18.3.1__react@18.3.1/node_modules/@clerk/backend/dist/chunk-GSO4M56Z.mjs:530:5)
    at new AuthenticateContext (webpack-internal:///(middleware)/../../node_modules/.pnpm/@clerk+backend@3.2.2_react-dom@18.3.1_react@18.3.1__react@18.3.1/node_modules/@clerk/backend/dist/chunk-GSO4M56Z.mjs:420:12)
    at createAuthenticateContext (webpack-internal:///(middleware)/../../node_modules/.pnpm/@clerk+backend@3.2.2_react-dom@18.3.1_react@18.3.1__react@18.3.1/node_modules/@clerk/backend/dist/chunk-GSO4M56Z.mjs:628:10)
    at async authenticateRequest (webpack-internal:///(middleware)/../../node_modules/.pnpm/@clerk+backend@3.2.2_react-dom@18.3.1_react@18.3.1__react@18.3.1/node_modules/@clerk/backend/dist/chunk-GSO4M56Z.mjs:5538:31)
    at async eval (webpack-internal:///(middleware)/../../node_modules/.pnpm/@clerk+nextjs@7.0.6_next@15.5.14_react-dom@18.3.1_react@18.3.1__react@18.3.1__react-dom_5866f21009a17d896deae86ab10aec93/node_modules/@clerk/nextjs/dist/esm/server/clerkMiddleware.js:105:28)
    at async eval (webpack-internal:///(middleware)/../../node_modules/.pnpm/next@15.5.14_react-dom@18.3.1_react@18.3.1__react@18.3.1/node_modules/next/dist/build/webpack/loaders/next-middleware-loader.js?absolutePagePath=%2FUsers%2Fyashvardhansinhjhala%2Fforge%2Fapps%2Fweb%2Fsrc%2Fmiddleware.ts&page=%2Fmiddleware&rootDir=%2FUsers%2Fyashvardhansinhjhala%2Fforge%2Fapps%2Fweb&matchers=&preferredRegion=&middlewareConfig=e30%3D!:32:20)
    at async eval (webpack-internal:///(middleware)/../../node_modules/.pnpm/next@15.5.14_react-dom@18.3.1_react@18.3.1__react@18.3.1/node_modules/next/dist/esm/server/web/adapter.js:255:28)
    at async adapter (webpack-internal:///(middleware)/../../node_modules/.pnpm/next@15.5.14_react-dom@18.3.1_react@18.3.1__react@18.3.1/node_modules/next/dist/esm/server/web/adapter.js:210:16)
[ 4097849ms] [LOG] [HMR] connected @ webpack-internal:///(pages-dir-browser)/../../node_modules/.pnpm/next@15.5.14_react-dom@18.3.1_react@18.3.1__react@18.3.1/node_modules/next/dist/client/dev/hot-reloader/pages/websocket.js:45
[ 4118848ms] [LOG] [Fast Refresh] rebuilding @ webpack-internal:///(pages-dir-browser)/../../node_modules/.pnpm/next@15.5.14_react-dom@18.3.1_react@18.3.1__react@18.3.1/node_modules/next/dist/client/dev/hot-reloader/pages/hot-reloader-pages.js:206
[ 4119390ms] [WARNING] [Fast Refresh] performing full reload because your application had an unrecoverable error @ webpack-internal:///(pages-dir-browser)/../../node_modules/.pnpm/next@15.5.14_react-dom@18.3.1_react@18.3.1__react@18.3.1/node_modules/next/dist/client/dev/hot-reloader/pages/hot-reloader-pages.js:347
[ 4119740ms] [ERROR] Failed to load resource: the server responded with a status of 500 (Internal Server Error) @ http://localhost:3000/payments:0
[ 4119989ms] [INFO] %cDownload the React DevTools for a better development experience: https://reactjs.org/link/react-devtools font-weight:bold @ webpack-internal:///(pages-dir-browser)/../../node_modules/.pnpm/react-dom@18.3.1_react@18.3.1/node_modules/react-dom/cjs/react-dom.development.js:29889
[ 4120020ms] Error: Publishable key not valid.
    at parsePublishableKey (webpack-internal:///(middleware)/../../node_modules/.pnpm/@clerk+shared@4.3.2_react-dom@18.3.1_react@18.3.1__react@18.3.1/node_modules/@clerk/shared/dist/runtime/keys-DuxzP8MU.mjs:70:54)
    at assertValidPublishableKey (webpack-internal:///(middleware)/../../node_modules/.pnpm/@clerk+backend@3.2.2_react-dom@18.3.1_react@18.3.1__react@18.3.1/node_modules/@clerk/backend/dist/chunk-GSO4M56Z.mjs:392:75)
    at AuthenticateContext.initPublishableKeyValues (webpack-internal:///(middleware)/../../node_modules/.pnpm/@clerk+backend@3.2.2_react-dom@18.3.1_react@18.3.1__react@18.3.1/node_modules/@clerk/backend/dist/chunk-GSO4M56Z.mjs:530:5)
    at new AuthenticateContext (webpack-internal:///(middleware)/../../node_modules/.pnpm/@clerk+backend@3.2.2_react-dom@18.3.1_react@18.3.1__react@18.3.1/node_modules/@clerk/backend/dist/chunk-GSO4M56Z.mjs:420:12)
    at createAuthenticateContext (webpack-internal:///(middleware)/../../node_modules/.pnpm/@clerk+backend@3.2.2_react-dom@18.3.1_react@18.3.1__react@18.3.1/node_modules/@clerk/backend/dist/chunk-GSO4M56Z.mjs:628:10)
    at async authenticateRequest (webpack-internal:///(middleware)/../../node_modules/.pnpm/@clerk+backend@3.2.2_react-dom@18.3.1_react@18.3.1__react@18.3.1/node_modules/@clerk/backend/dist/chunk-GSO4M56Z.mjs:5538:31)
    at async eval (webpack-internal:///(middleware)/../../node_modules/.pnpm/@clerk+nextjs@7.0.6_next@15.5.14_react-dom@18.3.1_react@18.3.1__react@18.3.1__react-dom_5866f21009a17d896deae86ab10aec93/node_modules/@clerk/nextjs/dist/esm/server/clerkMiddleware.js:105:28)
    at async eval (webpack-internal:///(middleware)/../../node_modules/.pnpm/next@15.5.14_react-dom@18.3.1_react@18.3.1__react@18.3.1/node_modules/next/dist/build/webpack/loaders/next-middleware-loader.js?absolutePagePath=%2FUsers%2Fyashvardhansinhjhala%2Fforge%2Fapps%2Fweb%2Fsrc%2Fmiddleware.ts&page=%2Fmiddleware&rootDir=%2FUsers%2Fyashvardhansinhjhala%2Fforge%2Fapps%2Fweb&matchers=&preferredRegion=&middlewareConfig=e30%3D!:32:20)
    at async eval (webpack-internal:///(middleware)/../../node_modules/.pnpm/next@15.5.14_react-dom@18.3.1_react@18.3.1__react@18.3.1/node_modules/next/dist/esm/server/web/adapter.js:255:28)
    at async adapter (webpack-internal:///(middleware)/../../node_modules/.pnpm/next@15.5.14_react-dom@18.3.1_react@18.3.1__react@18.3.1/node_modules/next/dist/esm/server/web/adapter.js:210:16)
[ 4120020ms] [LOG] [HMR] connected @ webpack-internal:///(pages-dir-browser)/../../node_modules/.pnpm/next@15.5.14_react-dom@18.3.1_react@18.3.1__react@18.3.1/node_modules/next/dist/client/dev/hot-reloader/pages/websocket.js:45
[ 4187740ms] [LOG] [Fast Refresh] rebuilding @ webpack-internal:///(pages-dir-browser)/../../node_modules/.pnpm/next@15.5.14_react-dom@18.3.1_react@18.3.1__react@18.3.1/node_modules/next/dist/client/dev/hot-reloader/pages/hot-reloader-pages.js:206
[ 4188582ms] [WARNING] [Fast Refresh] performing full reload because your application had an unrecoverable error @ webpack-internal:///(pages-dir-browser)/../../node_modules/.pnpm/next@15.5.14_react-dom@18.3.1_react@18.3.1__react@18.3.1/node_modules/next/dist/client/dev/hot-reloader/pages/hot-reloader-pages.js:347
[ 4189106ms] [ERROR] Failed to load resource: the server responded with a status of 500 (Internal Server Error) @ http://localhost:3000/payments:0
[ 4190769ms] [INFO] %cDownload the React DevTools for a better development experience: https://reactjs.org/link/react-devtools font-weight:bold @ webpack-internal:///(pages-dir-browser)/../../node_modules/.pnpm/react-dom@18.3.1_react@18.3.1/node_modules/react-dom/cjs/react-dom.development.js:29889
[ 4190816ms] Error: Publishable key not valid.
    at parsePublishableKey (webpack-internal:///(middleware)/../../node_modules/.pnpm/@clerk+shared@4.3.2_react-dom@18.3.1_react@18.3.1__react@18.3.1/node_modules/@clerk/shared/dist/runtime/keys-DuxzP8MU.mjs:70:54)
    at assertValidPublishableKey (webpack-internal:///(middleware)/../../node_modules/.pnpm/@clerk+backend@3.2.2_react-dom@18.3.1_react@18.3.1__react@18.3.1/node_modules/@clerk/backend/dist/chunk-GSO4M56Z.mjs:392:75)
    at AuthenticateContext.initPublishableKeyValues (webpack-internal:///(middleware)/../../node_modules/.pnpm/@clerk+backend@3.2.2_react-dom@18.3.1_react@18.3.1__react@18.3.1/node_modules/@clerk/backend/dist/chunk-GSO4M56Z.mjs:530:5)
    at new AuthenticateContext (webpack-internal:///(middleware)/../../node_modules/.pnpm/@clerk+backend@3.2.2_react-dom@18.3.1_react@18.3.1__react@18.3.1/node_modules/@clerk/backend/dist/chunk-GSO4M56Z.mjs:420:12)
    at createAuthenticateContext (webpack-internal:///(middleware)/../../node_modules/.pnpm/@clerk+backend@3.2.2_react-dom@18.3.1_react@18.3.1__react@18.3.1/node_modules/@clerk/backend/dist/chunk-GSO4M56Z.mjs:628:10)
    at async authenticateRequest (webpack-internal:///(middleware)/../../node_modules/.pnpm/@clerk+backend@3.2.2_react-dom@18.3.1_react@18.3.1__react@18.3.1/node_modules/@clerk/backend/dist/chunk-GSO4M56Z.mjs:5538:31)
    at async eval (webpack-internal:///(middleware)/../../node_modules/.pnpm/@clerk+nextjs@7.0.6_next@15.5.14_react-dom@18.3.1_react@18.3.1__react@18.3.1__react-dom_5866f21009a17d896deae86ab10aec93/node_modules/@clerk/nextjs/dist/esm/server/clerkMiddleware.js:105:28)
    at async eval (webpack-internal:///(middleware)/../../node_modules/.pnpm/next@15.5.14_react-dom@18.3.1_react@18.3.1__react@18.3.1/node_modules/next/dist/build/webpack/loaders/next-middleware-loader.js?absolutePagePath=%2FUsers%2Fyashvardhansinhjhala%2Fforge%2Fapps%2Fweb%2Fsrc%2Fmiddleware.ts&page=%2Fmiddleware&rootDir=%2FUsers%2Fyashvardhansinhjhala%2Fforge%2Fapps%2Fweb&matchers=&preferredRegion=&middlewareConfig=e30%3D!:32:20)
    at async eval (webpack-internal:///(middleware)/../../node_modules/.pnpm/next@15.5.14_react-dom@18.3.1_react@18.3.1__react@18.3.1/node_modules/next/dist/esm/server/web/adapter.js:255:28)
    at async adapter (webpack-internal:///(middleware)/../../node_modules/.pnpm/next@15.5.14_react-dom@18.3.1_react@18.3.1__react@18.3.1/node_modules/next/dist/esm/server/web/adapter.js:210:16)
[ 4190813ms] [LOG] [HMR] connected @ webpack-internal:///(pages-dir-browser)/../../node_modules/.pnpm/next@15.5.14_react-dom@18.3.1_react@18.3.1__react@18.3.1/node_modules/next/dist/client/dev/hot-reloader/pages/websocket.js:45
[ 4194674ms] [LOG] [Fast Refresh] rebuilding @ webpack-internal:///(pages-dir-browser)/../../node_modules/.pnpm/next@15.5.14_react-dom@18.3.1_react@18.3.1__react@18.3.1/node_modules/next/dist/client/dev/hot-reloader/pages/hot-reloader-pages.js:206
[ 4196926ms] [WARNING] [Fast Refresh] performing full reload because your application had an unrecoverable error @ webpack-internal:///(pages-dir-browser)/../../node_modules/.pnpm/next@15.5.14_react-dom@18.3.1_react@18.3.1__react@18.3.1/node_modules/next/dist/client/dev/hot-reloader/pages/hot-reloader-pages.js:347
[ 4197374ms] [ERROR] Failed to load resource: the server responded with a status of 500 (Internal Server Error) @ http://localhost:3000/payments:0
[ 4197660ms] [INFO] %cDownload the React DevTools for a better development experience: https://reactjs.org/link/react-devtools font-weight:bold @ webpack-internal:///(pages-dir-browser)/../../node_modules/.pnpm/react-dom@18.3.1_react@18.3.1/node_modules/react-dom/cjs/react-dom.development.js:29889
[ 4197709ms] Error: Publishable key not valid.
    at parsePublishableKey (webpack-internal:///(middleware)/../../node_modules/.pnpm/@clerk+shared@4.3.2_react-dom@18.3.1_react@18.3.1__react@18.3.1/node_modules/@clerk/shared/dist/runtime/keys-DuxzP8MU.mjs:70:54)
    at assertValidPublishableKey (webpack-internal:///(middleware)/../../node_modules/.pnpm/@clerk+backend@3.2.2_react-dom@18.3.1_react@18.3.1__react@18.3.1/node_modules/@clerk/backend/dist/chunk-GSO4M56Z.mjs:392:75)
    at AuthenticateContext.initPublishableKeyValues (webpack-internal:///(middleware)/../../node_modules/.pnpm/@clerk+backend@3.2.2_react-dom@18.3.1_react@18.3.1__react@18.3.1/node_modules/@clerk/backend/dist/chunk-GSO4M56Z.mjs:530:5)
    at new AuthenticateContext (webpack-internal:///(middleware)/../../node_modules/.pnpm/@clerk+backend@3.2.2_react-dom@18.3.1_react@18.3.1__react@18.3.1/node_modules/@clerk/backend/dist/chunk-GSO4M56Z.mjs:420:12)
    at createAuthenticateContext (webpack-internal:///(middleware)/../../node_modules/.pnpm/@clerk+backend@3.2.2_react-dom@18.3.1_react@18.3.1__react@18.3.1/node_modules/@clerk/backend/dist/chunk-GSO4M56Z.mjs:628:10)
    at async authenticateRequest (webpack-internal:///(middleware)/../../node_modules/.pnpm/@clerk+backend@3.2.2_react-dom@18.3.1_react@18.3.1__react@18.3.1/node_modules/@clerk/backend/dist/chunk-GSO4M56Z.mjs:5538:31)
    at async eval (webpack-internal:///(middleware)/../../node_modules/.pnpm/@clerk+nextjs@7.0.6_next@15.5.14_react-dom@18.3.1_react@18.3.1__react@18.3.1__react-dom_5866f21009a17d896deae86ab10aec93/node_modules/@clerk/nextjs/dist/esm/server/clerkMiddleware.js:105:28)
    at async eval (webpack-internal:///(middleware)/../../node_modules/.pnpm/next@15.5.14_react-dom@18.3.1_react@18.3.1__react@18.3.1/node_modules/next/dist/build/webpack/loaders/next-middleware-loader.js?absolutePagePath=%2FUsers%2Fyashvardhansinhjhala%2Fforge%2Fapps%2Fweb%2Fsrc%2Fmiddleware.ts&page=%2Fmiddleware&rootDir=%2FUsers%2Fyashvardhansinhjhala%2Fforge%2Fapps%2Fweb&matchers=&preferredRegion=&middlewareConfig=e30%3D!:32:20)
    at async eval (webpack-internal:///(middleware)/../../node_modules/.pnpm/next@15.5.14_react-dom@18.3.1_react@18.3.1__react@18.3.1/node_modules/next/dist/esm/server/web/adapter.js:255:28)
    at async adapter (webpack-internal:///(middleware)/../../node_modules/.pnpm/next@15.5.14_react-dom@18.3.1_react@18.3.1__react@18.3.1/node_modules/next/dist/esm/server/web/adapter.js:210:16)
[ 4197704ms] [LOG] [HMR] connected @ webpack-internal:///(pages-dir-browser)/../../node_modules/.pnpm/next@15.5.14_react-dom@18.3.1_react@18.3.1__react@18.3.1/node_modules/next/dist/client/dev/hot-reloader/pages/websocket.js:45
[ 4199726ms] [LOG] [Fast Refresh] rebuilding @ webpack-internal:///(pages-dir-browser)/../../node_modules/.pnpm/next@15.5.14_react-dom@18.3.1_react@18.3.1__react@18.3.1/node_modules/next/dist/client/dev/hot-reloader/pages/hot-reloader-pages.js:206
[ 4200228ms] [LOG] [Fast Refresh] rebuilding @ webpack-internal:///(pages-dir-browser)/../../node_modules/.pnpm/next@15.5.14_react-dom@18.3.1_react@18.3.1__react@18.3.1/node_modules/next/dist/client/dev/hot-reloader/pages/hot-reloader-pages.js:206
[ 4200282ms] [WARNING] [Fast Refresh] performing full reload because your application had an unrecoverable error @ webpack-internal:///(pages-dir-browser)/../../node_modules/.pnpm/next@15.5.14_react-dom@18.3.1_react@18.3.1__react@18.3.1/node_modules/next/dist/client/dev/hot-reloader/pages/hot-reloader-pages.js:347
[ 4203571ms] [WARNING] [Fast Refresh] performing full reload

Fast Refresh will perform a full reload when you edit a file that's imported by modules outside of the React rendering tree.
You might have a file which exports a React component but also exports a value that is imported by a non-React component file.
Consider migrating the non-React component export to a separate file and importing it into both files.

It is also possible the parent component of the component you edited is a class component, which disables Fast Refresh.
Fast Refresh requires at least one parent function component in your React tree. @ webpack-internal:///(pages-dir-browser)/../../node_modules/.pnpm/next@15.5.14_react-dom@18.3.1_react@18.3.1__react@18.3.1/node_modules/next/dist/client/dev/hot-reloader/pages/hot-reloader-pages.js:345
[ 4204225ms] [ERROR] Failed to load resource: the server responded with a status of 500 (Internal Server Error) @ http://localhost:3000/payments:0
[ 4205295ms] [INFO] %cDownload the React DevTools for a better development experience: https://reactjs.org/link/react-devtools font-weight:bold @ webpack-internal:///(pages-dir-browser)/../../node_modules/.pnpm/react-dom@18.3.1_react@18.3.1/node_modules/react-dom/cjs/react-dom.development.js:29889
[ 4205409ms] Error: Publishable key not valid.
    at parsePublishableKey (webpack-internal:///(middleware)/../../node_modules/.pnpm/@clerk+shared@4.3.2_react-dom@18.3.1_react@18.3.1__react@18.3.1/node_modules/@clerk/shared/dist/runtime/keys-DuxzP8MU.mjs:70:54)
    at assertValidPublishableKey (webpack-internal:///(middleware)/../../node_modules/.pnpm/@clerk+backend@3.2.2_react-dom@18.3.1_react@18.3.1__react@18.3.1/node_modules/@clerk/backend/dist/chunk-GSO4M56Z.mjs:392:75)
    at AuthenticateContext.initPublishableKeyValues (webpack-internal:///(middleware)/../../node_modules/.pnpm/@clerk+backend@3.2.2_react-dom@18.3.1_react@18.3.1__react@18.3.1/node_modules/@clerk/backend/dist/chunk-GSO4M56Z.mjs:530:5)
    at new AuthenticateContext (webpack-internal:///(middleware)/../../node_modules/.pnpm/@clerk+backend@3.2.2_react-dom@18.3.1_react@18.3.1__react@18.3.1/node_modules/@clerk/backend/dist/chunk-GSO4M56Z.mjs:420:12)
    at createAuthenticateContext (webpack-internal:///(middleware)/../../node_modules/.pnpm/@clerk+backend@3.2.2_react-dom@18.3.1_react@18.3.1__react@18.3.1/node_modules/@clerk/backend/dist/chunk-GSO4M56Z.mjs:628:10)
    at async authenticateRequest (webpack-internal:///(middleware)/../../node_modules/.pnpm/@clerk+backend@3.2.2_react-dom@18.3.1_react@18.3.1__react@18.3.1/node_modules/@clerk/backend/dist/chunk-GSO4M56Z.mjs:5538:31)
    at async eval (webpack-internal:///(middleware)/../../node_modules/.pnpm/@clerk+nextjs@7.0.6_next@15.5.14_react-dom@18.3.1_react@18.3.1__react@18.3.1__react-dom_5866f21009a17d896deae86ab10aec93/node_modules/@clerk/nextjs/dist/esm/server/clerkMiddleware.js:105:28)
    at async eval (webpack-internal:///(middleware)/../../node_modules/.pnpm/next@15.5.14_react-dom@18.3.1_react@18.3.1__react@18.3.1/node_modules/next/dist/build/webpack/loaders/next-middleware-loader.js?absolutePagePath=%2FUsers%2Fyashvardhansinhjhala%2Fforge%2Fapps%2Fweb%2Fsrc%2Fmiddleware.ts&page=%2Fmiddleware&rootDir=%2FUsers%2Fyashvardhansinhjhala%2Fforge%2Fapps%2Fweb&matchers=&preferredRegion=&middlewareConfig=e30%3D!:32:20)
    at async eval (webpack-internal:///(middleware)/../../node_modules/.pnpm/next@15.5.14_react-dom@18.3.1_react@18.3.1__react@18.3.1/node_modules/next/dist/esm/server/web/adapter.js:255:28)
    at async adapter (webpack-internal:///(middleware)/../../node_modules/.pnpm/next@15.5.14_react-dom@18.3.1_react@18.3.1__react@18.3.1/node_modules/next/dist/esm/server/web/adapter.js:210:16)
[ 4205409ms] [LOG] [HMR] connected @ webpack-internal:///(pages-dir-browser)/../../node_modules/.pnpm/next@15.5.14_react-dom@18.3.1_react@18.3.1__react@18.3.1/node_modules/next/dist/client/dev/hot-reloader/pages/websocket.js:45
[ 4206607ms] [LOG] [Fast Refresh] rebuilding @ webpack-internal:///(pages-dir-browser)/../../node_modules/.pnpm/next@15.5.14_react-dom@18.3.1_react@18.3.1__react@18.3.1/node_modules/next/dist/client/dev/hot-reloader/pages/hot-reloader-pages.js:206
[ 4207372ms] [LOG] [Fast Refresh] rebuilding @ webpack-internal:///(pages-dir-browser)/../../node_modules/.pnpm/next@15.5.14_react-dom@18.3.1_react@18.3.1__react@18.3.1/node_modules/next/dist/client/dev/hot-reloader/pages/hot-reloader-pages.js:206
[ 4207390ms] [WARNING] [Fast Refresh] performing full reload because your application had an unrecoverable error @ webpack-internal:///(pages-dir-browser)/../../node_modules/.pnpm/next@15.5.14_react-dom@18.3.1_react@18.3.1__react@18.3.1/node_modules/next/dist/client/dev/hot-reloader/pages/hot-reloader-pages.js:347
[ 4208115ms] [LOG] [Fast Refresh] rebuilding @ webpack-internal:///(pages-dir-browser)/../../node_modules/.pnpm/next@15.5.14_react-dom@18.3.1_react@18.3.1__react@18.3.1/node_modules/next/dist/client/dev/hot-reloader/pages/hot-reloader-pages.js:206
[ 4208220ms] [WARNING] [Fast Refresh] performing full reload

Fast Refresh will perform a full reload when you edit a file that's imported by modules outside of the React rendering tree.
You might have a file which exports a React component but also exports a value that is imported by a non-React component file.
Consider migrating the non-React component export to a separate file and importing it into both files.

It is also possible the parent component of the component you edited is a class component, which disables Fast Refresh.
Fast Refresh requires at least one parent function component in your React tree. @ webpack-internal:///(pages-dir-browser)/../../node_modules/.pnpm/next@15.5.14_react-dom@18.3.1_react@18.3.1__react@18.3.1/node_modules/next/dist/client/dev/hot-reloader/pages/hot-reloader-pages.js:345
[ 4209888ms] [ERROR] Failed to load resource: the server responded with a status of 500 (Internal Server Error) @ http://localhost:3000/payments:0
[ 4210347ms] [INFO] %cDownload the React DevTools for a better development experience: https://reactjs.org/link/react-devtools font-weight:bold @ webpack-internal:///(pages-dir-browser)/../../node_modules/.pnpm/react-dom@18.3.1_react@18.3.1/node_modules/react-dom/cjs/react-dom.development.js:29889
[ 4210432ms] Error: Publishable key not valid.
    at parsePublishableKey (webpack-internal:///(middleware)/../../node_modules/.pnpm/@clerk+shared@4.3.2_react-dom@18.3.1_react@18.3.1__react@18.3.1/node_modules/@clerk/shared/dist/runtime/keys-DuxzP8MU.mjs:70:54)
    at assertValidPublishableKey (webpack-internal:///(middleware)/../../node_modules/.pnpm/@clerk+backend@3.2.2_react-dom@18.3.1_react@18.3.1__react@18.3.1/node_modules/@clerk/backend/dist/chunk-GSO4M56Z.mjs:392:75)
    at AuthenticateContext.initPublishableKeyValues (webpack-internal:///(middleware)/../../node_modules/.pnpm/@clerk+backend@3.2.2_react-dom@18.3.1_react@18.3.1__react@18.3.1/node_modules/@clerk/backend/dist/chunk-GSO4M56Z.mjs:530:5)
    at new AuthenticateContext (webpack-internal:///(middleware)/../../node_modules/.pnpm/@clerk+backend@3.2.2_react-dom@18.3.1_react@18.3.1__react@18.3.1/node_modules/@clerk/backend/dist/chunk-GSO4M56Z.mjs:420:12)
    at createAuthenticateContext (webpack-internal:///(middleware)/../../node_modules/.pnpm/@clerk+backend@3.2.2_react-dom@18.3.1_react@18.3.1__react@18.3.1/node_modules/@clerk/backend/dist/chunk-GSO4M56Z.mjs:628:10)
    at async authenticateRequest (webpack-internal:///(middleware)/../../node_modules/.pnpm/@clerk+backend@3.2.2_react-dom@18.3.1_react@18.3.1__react@18.3.1/node_modules/@clerk/backend/dist/chunk-GSO4M56Z.mjs:5538:31)
    at async eval (webpack-internal:///(middleware)/../../node_modules/.pnpm/@clerk+nextjs@7.0.6_next@15.5.14_react-dom@18.3.1_react@18.3.1__react@18.3.1__react-dom_5866f21009a17d896deae86ab10aec93/node_modules/@clerk/nextjs/dist/esm/server/clerkMiddleware.js:105:28)
    at async eval (webpack-internal:///(middleware)/../../node_modules/.pnpm/next@15.5.14_react-dom@18.3.1_react@18.3.1__react@18.3.1/node_modules/next/dist/build/webpack/loaders/next-middleware-loader.js?absolutePagePath=%2FUsers%2Fyashvardhansinhjhala%2Fforge%2Fapps%2Fweb%2Fsrc%2Fmiddleware.ts&page=%2Fmiddleware&rootDir=%2FUsers%2Fyashvardhansinhjhala%2Fforge%2Fapps%2Fweb&matchers=&preferredRegion=&middlewareConfig=e30%3D!:32:20)
    at async eval (webpack-internal:///(middleware)/../../node_modules/.pnpm/next@15.5.14_react-dom@18.3.1_react@18.3.1__react@18.3.1/node_modules/next/dist/esm/server/web/adapter.js:255:28)
    at async adapter (webpack-internal:///(middleware)/../../node_modules/.pnpm/next@15.5.14_react-dom@18.3.1_react@18.3.1__react@18.3.1/node_modules/next/dist/esm/server/web/adapter.js:210:16)
[ 4210428ms] [LOG] [HMR] connected @ webpack-internal:///(pages-dir-browser)/../../node_modules/.pnpm/next@15.5.14_react-dom@18.3.1_react@18.3.1__react@18.3.1/node_modules/next/dist/client/dev/hot-reloader/pages/websocket.js:45
[ 4223158ms] [LOG] [Fast Refresh] rebuilding @ webpack-internal:///(pages-dir-browser)/../../node_modules/.pnpm/next@15.5.14_react-dom@18.3.1_react@18.3.1__react@18.3.1/node_modules/next/dist/client/dev/hot-reloader/pages/hot-reloader-pages.js:206
[ 4223567ms] [WARNING] [Fast Refresh] performing full reload because your application had an unrecoverable error @ webpack-internal:///(pages-dir-browser)/../../node_modules/.pnpm/next@15.5.14_react-dom@18.3.1_react@18.3.1__react@18.3.1/node_modules/next/dist/client/dev/hot-reloader/pages/hot-reloader-pages.js:347
[ 4223929ms] [ERROR] Failed to load resource: the server responded with a status of 500 (Internal Server Error) @ http://localhost:3000/payments:0
[ 4224151ms] [INFO] %cDownload the React DevTools for a better development experience: https://reactjs.org/link/react-devtools font-weight:bold @ webpack-internal:///(pages-dir-browser)/../../node_modules/.pnpm/react-dom@18.3.1_react@18.3.1/node_modules/react-dom/cjs/react-dom.development.js:29889
[ 4224175ms] Error: Publishable key not valid.
    at parsePublishableKey (webpack-internal:///(middleware)/../../node_modules/.pnpm/@clerk+shared@4.3.2_react-dom@18.3.1_react@18.3.1__react@18.3.1/node_modules/@clerk/shared/dist/runtime/keys-DuxzP8MU.mjs:70:54)
    at assertValidPublishableKey (webpack-internal:///(middleware)/../../node_modules/.pnpm/@clerk+backend@3.2.2_react-dom@18.3.1_react@18.3.1__react@18.3.1/node_modules/@clerk/backend/dist/chunk-GSO4M56Z.mjs:392:75)
    at AuthenticateContext.initPublishableKeyValues (webpack-internal:///(middleware)/../../node_modules/.pnpm/@clerk+backend@3.2.2_react-dom@18.3.1_react@18.3.1__react@18.3.1/node_modules/@clerk/backend/dist/chunk-GSO4M56Z.mjs:530:5)
    at new AuthenticateContext (webpack-internal:///(middleware)/../../node_modules/.pnpm/@clerk+backend@3.2.2_react-dom@18.3.1_react@18.3.1__react@18.3.1/node_modules/@clerk/backend/dist/chunk-GSO4M56Z.mjs:420:12)
    at createAuthenticateContext (webpack-internal:///(middleware)/../../node_modules/.pnpm/@clerk+backend@3.2.2_react-dom@18.3.1_react@18.3.1__react@18.3.1/node_modules/@clerk/backend/dist/chunk-GSO4M56Z.mjs:628:10)
    at async authenticateRequest (webpack-internal:///(middleware)/../../node_modules/.pnpm/@clerk+backend@3.2.2_react-dom@18.3.1_react@18.3.1__react@18.3.1/node_modules/@clerk/backend/dist/chunk-GSO4M56Z.mjs:5538:31)
    at async eval (webpack-internal:///(middleware)/../../node_modules/.pnpm/@clerk+nextjs@7.0.6_next@15.5.14_react-dom@18.3.1_react@18.3.1__react@18.3.1__react-dom_5866f21009a17d896deae86ab10aec93/node_modules/@clerk/nextjs/dist/esm/server/clerkMiddleware.js:105:28)
    at async eval (webpack-internal:///(middleware)/../../node_modules/.pnpm/next@15.5.14_react-dom@18.3.1_react@18.3.1__react@18.3.1/node_modules/next/dist/build/webpack/loaders/next-middleware-loader.js?absolutePagePath=%2FUsers%2Fyashvardhansinhjhala%2Fforge%2Fapps%2Fweb%2Fsrc%2Fmiddleware.ts&page=%2Fmiddleware&rootDir=%2FUsers%2Fyashvardhansinhjhala%2Fforge%2Fapps%2Fweb&matchers=&preferredRegion=&middlewareConfig=e30%3D!:32:20)
    at async eval (webpack-internal:///(middleware)/../../node_modules/.pnpm/next@15.5.14_react-dom@18.3.1_react@18.3.1__react@18.3.1/node_modules/next/dist/esm/server/web/adapter.js:255:28)
    at async adapter (webpack-internal:///(middleware)/../../node_modules/.pnpm/next@15.5.14_react-dom@18.3.1_react@18.3.1__react@18.3.1/node_modules/next/dist/esm/server/web/adapter.js:210:16)
[ 4224176ms] [LOG] [HMR] connected @ webpack-internal:///(pages-dir-browser)/../../node_modules/.pnpm/next@15.5.14_react-dom@18.3.1_react@18.3.1__react@18.3.1/node_modules/next/dist/client/dev/hot-reloader/pages/websocket.js:45
[ 4308093ms] [LOG] [Fast Refresh] rebuilding @ webpack-internal:///(pages-dir-browser)/../../node_modules/.pnpm/next@15.5.14_react-dom@18.3.1_react@18.3.1__react@18.3.1/node_modules/next/dist/client/dev/hot-reloader/pages/hot-reloader-pages.js:206
[ 4308818ms] [WARNING] [Fast Refresh] performing full reload because your application had an unrecoverable error @ webpack-internal:///(pages-dir-browser)/../../node_modules/.pnpm/next@15.5.14_react-dom@18.3.1_react@18.3.1__react@18.3.1/node_modules/next/dist/client/dev/hot-reloader/pages/hot-reloader-pages.js:347
[ 4309157ms] [LOG] [Fast Refresh] rebuilding @ webpack-internal:///(pages-dir-browser)/../../node_modules/.pnpm/next@15.5.14_react-dom@18.3.1_react@18.3.1__react@18.3.1/node_modules/next/dist/client/dev/hot-reloader/pages/hot-reloader-pages.js:206
[ 4309175ms] [ERROR] Failed to load resource: the server responded with a status of 500 (Internal Server Error) @ http://localhost:3000/payments:0
[ 4310361ms] [INFO] %cDownload the React DevTools for a better development experience: https://reactjs.org/link/react-devtools font-weight:bold @ webpack-internal:///(pages-dir-browser)/../../node_modules/.pnpm/react-dom@18.3.1_react@18.3.1/node_modules/react-dom/cjs/react-dom.development.js:29889
[ 4310394ms] Error: Publishable key not valid.
    at parsePublishableKey (webpack-internal:///(middleware)/../../node_modules/.pnpm/@clerk+shared@4.3.2_react-dom@18.3.1_react@18.3.1__react@18.3.1/node_modules/@clerk/shared/dist/runtime/keys-DuxzP8MU.mjs:70:54)
    at assertValidPublishableKey (webpack-internal:///(middleware)/../../node_modules/.pnpm/@clerk+backend@3.2.2_react-dom@18.3.1_react@18.3.1__react@18.3.1/node_modules/@clerk/backend/dist/chunk-GSO4M56Z.mjs:392:75)
    at AuthenticateContext.initPublishableKeyValues (webpack-internal:///(middleware)/../../node_modules/.pnpm/@clerk+backend@3.2.2_react-dom@18.3.1_react@18.3.1__react@18.3.1/node_modules/@clerk/backend/dist/chunk-GSO4M56Z.mjs:530:5)
    at new AuthenticateContext (webpack-internal:///(middleware)/../../node_modules/.pnpm/@clerk+backend@3.2.2_react-dom@18.3.1_react@18.3.1__react@18.3.1/node_modules/@clerk/backend/dist/chunk-GSO4M56Z.mjs:420:12)
    at createAuthenticateContext (webpack-internal:///(middleware)/../../node_modules/.pnpm/@clerk+backend@3.2.2_react-dom@18.3.1_react@18.3.1__react@18.3.1/node_modules/@clerk/backend/dist/chunk-GSO4M56Z.mjs:628:10)
    at async authenticateRequest (webpack-internal:///(middleware)/../../node_modules/.pnpm/@clerk+backend@3.2.2_react-dom@18.3.1_react@18.3.1__react@18.3.1/node_modules/@clerk/backend/dist/chunk-GSO4M56Z.mjs:5538:31)
    at async eval (webpack-internal:///(middleware)/../../node_modules/.pnpm/@clerk+nextjs@7.0.6_next@15.5.14_react-dom@18.3.1_react@18.3.1__react@18.3.1__react-dom_5866f21009a17d896deae86ab10aec93/node_modules/@clerk/nextjs/dist/esm/server/clerkMiddleware.js:105:28)
    at async eval (webpack-internal:///(middleware)/../../node_modules/.pnpm/next@15.5.14_react-dom@18.3.1_react@18.3.1__react@18.3.1/node_modules/next/dist/build/webpack/loaders/next-middleware-loader.js?absolutePagePath=%2FUsers%2Fyashvardhansinhjhala%2Fforge%2Fapps%2Fweb%2Fsrc%2Fmiddleware.ts&page=%2Fmiddleware&rootDir=%2FUsers%2Fyashvardhansinhjhala%2Fforge%2Fapps%2Fweb&matchers=&preferredRegion=&middlewareConfig=e30%3D!:32:20)
    at async eval (webpack-internal:///(middleware)/../../node_modules/.pnpm/next@15.5.14_react-dom@18.3.1_react@18.3.1__react@18.3.1/node_modules/next/dist/esm/server/web/adapter.js:255:28)
    at async adapter (webpack-internal:///(middleware)/../../node_modules/.pnpm/next@15.5.14_react-dom@18.3.1_react@18.3.1__react@18.3.1/node_modules/next/dist/esm/server/web/adapter.js:210:16)
[ 4310478ms] [LOG] [HMR] connected @ webpack-internal:///(pages-dir-browser)/../../node_modules/.pnpm/next@15.5.14_react-dom@18.3.1_react@18.3.1__react@18.3.1/node_modules/next/dist/client/dev/hot-reloader/pages/websocket.js:45
[ 4312194ms] [LOG] [Fast Refresh] rebuilding @ webpack-internal:///(pages-dir-browser)/../../node_modules/.pnpm/next@15.5.14_react-dom@18.3.1_react@18.3.1__react@18.3.1/node_modules/next/dist/client/dev/hot-reloader/pages/hot-reloader-pages.js:206
[ 4312611ms] [LOG] [Fast Refresh] rebuilding @ webpack-internal:///(pages-dir-browser)/../../node_modules/.pnpm/next@15.5.14_react-dom@18.3.1_react@18.3.1__react@18.3.1/node_modules/next/dist/client/dev/hot-reloader/pages/hot-reloader-pages.js:206
[ 4312642ms] [WARNING] [Fast Refresh] performing full reload because your application had an unrecoverable error @ webpack-internal:///(pages-dir-browser)/../../node_modules/.pnpm/next@15.5.14_react-dom@18.3.1_react@18.3.1__react@18.3.1/node_modules/next/dist/client/dev/hot-reloader/pages/hot-reloader-pages.js:347
[ 4313670ms] [LOG] [Fast Refresh] rebuilding @ webpack-internal:///(pages-dir-browser)/../../node_modules/.pnpm/next@15.5.14_react-dom@18.3.1_react@18.3.1__react@18.3.1/node_modules/next/dist/client/dev/hot-reloader/pages/hot-reloader-pages.js:206
[ 4313694ms] [WARNING] [Fast Refresh] performing full reload because your application had an unrecoverable error @ webpack-internal:///(pages-dir-browser)/../../node_modules/.pnpm/next@15.5.14_react-dom@18.3.1_react@18.3.1__react@18.3.1/node_modules/next/dist/client/dev/hot-reloader/pages/hot-reloader-pages.js:347
[ 4314098ms] [WARNING] [Fast Refresh] performing full reload

Fast Refresh will perform a full reload when you edit a file that's imported by modules outside of the React rendering tree.
You might have a file which exports a React component but also exports a value that is imported by a non-React component file.
Consider migrating the non-React component export to a separate file and importing it into both files.

It is also possible the parent component of the component you edited is a class component, which disables Fast Refresh.
Fast Refresh requires at least one parent function component in your React tree. @ webpack-internal:///(pages-dir-browser)/../../node_modules/.pnpm/next@15.5.14_react-dom@18.3.1_react@18.3.1__react@18.3.1/node_modules/next/dist/client/dev/hot-reloader/pages/hot-reloader-pages.js:345
[ 4314367ms] [ERROR] Failed to load resource: the server responded with a status of 500 (Internal Server Error) @ http://localhost:3000/payments:0
[ 4314782ms] [INFO] %cDownload the React DevTools for a better development experience: https://reactjs.org/link/react-devtools font-weight:bold @ webpack-internal:///(pages-dir-browser)/../../node_modules/.pnpm/react-dom@18.3.1_react@18.3.1/node_modules/react-dom/cjs/react-dom.development.js:29889
[ 4314846ms] Error: Publishable key not valid.
    at parsePublishableKey (webpack-internal:///(middleware)/../../node_modules/.pnpm/@clerk+shared@4.3.2_react-dom@18.3.1_react@18.3.1__react@18.3.1/node_modules/@clerk/shared/dist/runtime/keys-DuxzP8MU.mjs:70:54)
    at assertValidPublishableKey (webpack-internal:///(middleware)/../../node_modules/.pnpm/@clerk+backend@3.2.2_react-dom@18.3.1_react@18.3.1__react@18.3.1/node_modules/@clerk/backend/dist/chunk-GSO4M56Z.mjs:392:75)
    at AuthenticateContext.initPublishableKeyValues (webpack-internal:///(middleware)/../../node_modules/.pnpm/@clerk+backend@3.2.2_react-dom@18.3.1_react@18.3.1__react@18.3.1/node_modules/@clerk/backend/dist/chunk-GSO4M56Z.mjs:530:5)
    at new AuthenticateContext (webpack-internal:///(middleware)/../../node_modules/.pnpm/@clerk+backend@3.2.2_react-dom@18.3.1_react@18.3.1__react@18.3.1/node_modules/@clerk/backend/dist/chunk-GSO4M56Z.mjs:420:12)
    at createAuthenticateContext (webpack-internal:///(middleware)/../../node_modules/.pnpm/@clerk+backend@3.2.2_react-dom@18.3.1_react@18.3.1__react@18.3.1/node_modules/@clerk/backend/dist/chunk-GSO4M56Z.mjs:628:10)
    at async authenticateRequest (webpack-internal:///(middleware)/../../node_modules/.pnpm/@clerk+backend@3.2.2_react-dom@18.3.1_react@18.3.1__react@18.3.1/node_modules/@clerk/backend/dist/chunk-GSO4M56Z.mjs:5538:31)
    at async eval (webpack-internal:///(middleware)/../../node_modules/.pnpm/@clerk+nextjs@7.0.6_next@15.5.14_react-dom@18.3.1_react@18.3.1__react@18.3.1__react-dom_5866f21009a17d896deae86ab10aec93/node_modules/@clerk/nextjs/dist/esm/server/clerkMiddleware.js:105:28)
    at async eval (webpack-internal:///(middleware)/../../node_modules/.pnpm/next@15.5.14_react-dom@18.3.1_react@18.3.1__react@18.3.1/node_modules/next/dist/build/webpack/loaders/next-middleware-loader.js?absolutePagePath=%2FUsers%2Fyashvardhansinhjhala%2Fforge%2Fapps%2Fweb%2Fsrc%2Fmiddleware.ts&page=%2Fmiddleware&rootDir=%2FUsers%2Fyashvardhansinhjhala%2Fforge%2Fapps%2Fweb&matchers=&preferredRegion=&middlewareConfig=e30%3D!:32:20)
    at async eval (webpack-internal:///(middleware)/../../node_modules/.pnpm/next@15.5.14_react-dom@18.3.1_react@18.3.1__react@18.3.1/node_modules/next/dist/esm/server/web/adapter.js:255:28)
    at async adapter (webpack-internal:///(middleware)/../../node_modules/.pnpm/next@15.5.14_react-dom@18.3.1_react@18.3.1__react@18.3.1/node_modules/next/dist/esm/server/web/adapter.js:210:16)
[ 4314845ms] [LOG] [HMR] connected @ webpack-internal:///(pages-dir-browser)/../../node_modules/.pnpm/next@15.5.14_react-dom@18.3.1_react@18.3.1__react@18.3.1/node_modules/next/dist/client/dev/hot-reloader/pages/websocket.js:45
[ 4327069ms] [LOG] [Fast Refresh] rebuilding @ webpack-internal:///(pages-dir-browser)/../../node_modules/.pnpm/next@15.5.14_react-dom@18.3.1_react@18.3.1__react@18.3.1/node_modules/next/dist/client/dev/hot-reloader/pages/hot-reloader-pages.js:206
[ 4327523ms] [WARNING] [Fast Refresh] performing full reload because your application had an unrecoverable error @ webpack-internal:///(pages-dir-browser)/../../node_modules/.pnpm/next@15.5.14_react-dom@18.3.1_react@18.3.1__react@18.3.1/node_modules/next/dist/client/dev/hot-reloader/pages/hot-reloader-pages.js:347
[ 4327835ms] [ERROR] Failed to load resource: the server responded with a status of 500 (Internal Server Error) @ http://localhost:3000/payments:0
[ 4328177ms] [INFO] %cDownload the React DevTools for a better development experience: https://reactjs.org/link/react-devtools font-weight:bold @ webpack-internal:///(pages-dir-browser)/../../node_modules/.pnpm/react-dom@18.3.1_react@18.3.1/node_modules/react-dom/cjs/react-dom.development.js:29889
[ 4328190ms] Error: Publishable key not valid.
    at parsePublishableKey (webpack-internal:///(middleware)/../../node_modules/.pnpm/@clerk+shared@4.3.2_react-dom@18.3.1_react@18.3.1__react@18.3.1/node_modules/@clerk/shared/dist/runtime/keys-DuxzP8MU.mjs:70:54)
    at assertValidPublishableKey (webpack-internal:///(middleware)/../../node_modules/.pnpm/@clerk+backend@3.2.2_react-dom@18.3.1_react@18.3.1__react@18.3.1/node_modules/@clerk/backend/dist/chunk-GSO4M56Z.mjs:392:75)
    at AuthenticateContext.initPublishableKeyValues (webpack-internal:///(middleware)/../../node_modules/.pnpm/@clerk+backend@3.2.2_react-dom@18.3.1_react@18.3.1__react@18.3.1/node_modules/@clerk/backend/dist/chunk-GSO4M56Z.mjs:530:5)
    at new AuthenticateContext (webpack-internal:///(middleware)/../../node_modules/.pnpm/@clerk+backend@3.2.2_react-dom@18.3.1_react@18.3.1__react@18.3.1/node_modules/@clerk/backend/dist/chunk-GSO4M56Z.mjs:420:12)
    at createAuthenticateContext (webpack-internal:///(middleware)/../../node_modules/.pnpm/@clerk+backend@3.2.2_react-dom@18.3.1_react@18.3.1__react@18.3.1/node_modules/@clerk/backend/dist/chunk-GSO4M56Z.mjs:628:10)
    at async authenticateRequest (webpack-internal:///(middleware)/../../node_modules/.pnpm/@clerk+backend@3.2.2_react-dom@18.3.1_react@18.3.1__react@18.3.1/node_modules/@clerk/backend/dist/chunk-GSO4M56Z.mjs:5538:31)
    at async eval (webpack-internal:///(middleware)/../../node_modules/.pnpm/@clerk+nextjs@7.0.6_next@15.5.14_react-dom@18.3.1_react@18.3.1__react@18.3.1__react-dom_5866f21009a17d896deae86ab10aec93/node_modules/@clerk/nextjs/dist/esm/server/clerkMiddleware.js:105:28)
    at async eval (webpack-internal:///(middleware)/../../node_modules/.pnpm/next@15.5.14_react-dom@18.3.1_react@18.3.1__react@18.3.1/node_modules/next/dist/build/webpack/loaders/next-middleware-loader.js?absolutePagePath=%2FUsers%2Fyashvardhansinhjhala%2Fforge%2Fapps%2Fweb%2Fsrc%2Fmiddleware.ts&page=%2Fmiddleware&rootDir=%2FUsers%2Fyashvardhansinhjhala%2Fforge%2Fapps%2Fweb&matchers=&preferredRegion=&middlewareConfig=e30%3D!:32:20)
    at async eval (webpack-internal:///(middleware)/../../node_modules/.pnpm/next@15.5.14_react-dom@18.3.1_react@18.3.1__react@18.3.1/node_modules/next/dist/esm/server/web/adapter.js:255:28)
    at async adapter (webpack-internal:///(middleware)/../../node_modules/.pnpm/next@15.5.14_react-dom@18.3.1_react@18.3.1__react@18.3.1/node_modules/next/dist/esm/server/web/adapter.js:210:16)
[ 4328194ms] [LOG] [HMR] connected @ webpack-internal:///(pages-dir-browser)/../../node_modules/.pnpm/next@15.5.14_react-dom@18.3.1_react@18.3.1__react@18.3.1/node_modules/next/dist/client/dev/hot-reloader/pages/websocket.js:45
[ 4335184ms] [LOG] [Fast Refresh] rebuilding @ webpack-internal:///(pages-dir-browser)/../../node_modules/.pnpm/next@15.5.14_react-dom@18.3.1_react@18.3.1__react@18.3.1/node_modules/next/dist/client/dev/hot-reloader/pages/hot-reloader-pages.js:206
[ 4337441ms] [WARNING] [Fast Refresh] performing full reload because your application had an unrecoverable error @ webpack-internal:///(pages-dir-browser)/../../node_modules/.pnpm/next@15.5.14_react-dom@18.3.1_react@18.3.1__react@18.3.1/node_modules/next/dist/client/dev/hot-reloader/pages/hot-reloader-pages.js:347
[ 4337792ms] [ERROR] Failed to load resource: the server responded with a status of 500 (Internal Server Error) @ http://localhost:3000/payments:0
[ 4338220ms] [INFO] %cDownload the React DevTools for a better development experience: https://reactjs.org/link/react-devtools font-weight:bold @ webpack-internal:///(pages-dir-browser)/../../node_modules/.pnpm/react-dom@18.3.1_react@18.3.1/node_modules/react-dom/cjs/react-dom.development.js:29889
[ 4338239ms] Error: Publishable key not valid.
    at parsePublishableKey (webpack-internal:///(middleware)/../../node_modules/.pnpm/@clerk+shared@4.3.2_react-dom@18.3.1_react@18.3.1__react@18.3.1/node_modules/@clerk/shared/dist/runtime/keys-DuxzP8MU.mjs:70:54)
    at assertValidPublishableKey (webpack-internal:///(middleware)/../../node_modules/.pnpm/@clerk+backend@3.2.2_react-dom@18.3.1_react@18.3.1__react@18.3.1/node_modules/@clerk/backend/dist/chunk-GSO4M56Z.mjs:392:75)
    at AuthenticateContext.initPublishableKeyValues (webpack-internal:///(middleware)/../../node_modules/.pnpm/@clerk+backend@3.2.2_react-dom@18.3.1_react@18.3.1__react@18.3.1/node_modules/@clerk/backend/dist/chunk-GSO4M56Z.mjs:530:5)
    at new AuthenticateContext (webpack-internal:///(middleware)/../../node_modules/.pnpm/@clerk+backend@3.2.2_react-dom@18.3.1_react@18.3.1__react@18.3.1/node_modules/@clerk/backend/dist/chunk-GSO4M56Z.mjs:420:12)
    at createAuthenticateContext (webpack-internal:///(middleware)/../../node_modules/.pnpm/@clerk+backend@3.2.2_react-dom@18.3.1_react@18.3.1__react@18.3.1/node_modules/@clerk/backend/dist/chunk-GSO4M56Z.mjs:628:10)
    at async authenticateRequest (webpack-internal:///(middleware)/../../node_modules/.pnpm/@clerk+backend@3.2.2_react-dom@18.3.1_react@18.3.1__react@18.3.1/node_modules/@clerk/backend/dist/chunk-GSO4M56Z.mjs:5538:31)
    at async eval (webpack-internal:///(middleware)/../../node_modules/.pnpm/@clerk+nextjs@7.0.6_next@15.5.14_react-dom@18.3.1_react@18.3.1__react@18.3.1__react-dom_5866f21009a17d896deae86ab10aec93/node_modules/@clerk/nextjs/dist/esm/server/clerkMiddleware.js:105:28)
    at async eval (webpack-internal:///(middleware)/../../node_modules/.pnpm/next@15.5.14_react-dom@18.3.1_react@18.3.1__react@18.3.1/node_modules/next/dist/build/webpack/loaders/next-middleware-loader.js?absolutePagePath=%2FUsers%2Fyashvardhansinhjhala%2Fforge%2Fapps%2Fweb%2Fsrc%2Fmiddleware.ts&page=%2Fmiddleware&rootDir=%2FUsers%2Fyashvardhansinhjhala%2Fforge%2Fapps%2Fweb&matchers=&preferredRegion=&middlewareConfig=e30%3D!:32:20)
    at async eval (webpack-internal:///(middleware)/../../node_modules/.pnpm/next@15.5.14_react-dom@18.3.1_react@18.3.1__react@18.3.1/node_modules/next/dist/esm/server/web/adapter.js:255:28)
    at async adapter (webpack-internal:///(middleware)/../../node_modules/.pnpm/next@15.5.14_react-dom@18.3.1_react@18.3.1__react@18.3.1/node_modules/next/dist/esm/server/web/adapter.js:210:16)
[ 4338239ms] [LOG] [HMR] connected @ webpack-internal:///(pages-dir-browser)/../../node_modules/.pnpm/next@15.5.14_react-dom@18.3.1_react@18.3.1__react@18.3.1/node_modules/next/dist/client/dev/hot-reloader/pages/websocket.js:45
[ 4349662ms] [LOG] [Fast Refresh] rebuilding @ webpack-internal:///(pages-dir-browser)/../../node_modules/.pnpm/next@15.5.14_react-dom@18.3.1_react@18.3.1__react@18.3.1/node_modules/next/dist/client/dev/hot-reloader/pages/hot-reloader-pages.js:206
[ 4350367ms] [WARNING] [Fast Refresh] performing full reload because your application had an unrecoverable error @ webpack-internal:///(pages-dir-browser)/../../node_modules/.pnpm/next@15.5.14_react-dom@18.3.1_react@18.3.1__react@18.3.1/node_modules/next/dist/client/dev/hot-reloader/pages/hot-reloader-pages.js:347
[ 4350694ms] [ERROR] Failed to load resource: the server responded with a status of 500 (Internal Server Error) @ http://localhost:3000/payments:0
[ 4350878ms] [INFO] %cDownload the React DevTools for a better development experience: https://reactjs.org/link/react-devtools font-weight:bold @ webpack-internal:///(pages-dir-browser)/../../node_modules/.pnpm/react-dom@18.3.1_react@18.3.1/node_modules/react-dom/cjs/react-dom.development.js:29889
[ 4350903ms] Error: Publishable key not valid.
    at parsePublishableKey (webpack-internal:///(middleware)/../../node_modules/.pnpm/@clerk+shared@4.3.2_react-dom@18.3.1_react@18.3.1__react@18.3.1/node_modules/@clerk/shared/dist/runtime/keys-DuxzP8MU.mjs:70:54)
    at assertValidPublishableKey (webpack-internal:///(middleware)/../../node_modules/.pnpm/@clerk+backend@3.2.2_react-dom@18.3.1_react@18.3.1__react@18.3.1/node_modules/@clerk/backend/dist/chunk-GSO4M56Z.mjs:392:75)
    at AuthenticateContext.initPublishableKeyValues (webpack-internal:///(middleware)/../../node_modules/.pnpm/@clerk+backend@3.2.2_react-dom@18.3.1_react@18.3.1__react@18.3.1/node_modules/@clerk/backend/dist/chunk-GSO4M56Z.mjs:530:5)
    at new AuthenticateContext (webpack-internal:///(middleware)/../../node_modules/.pnpm/@clerk+backend@3.2.2_react-dom@18.3.1_react@18.3.1__react@18.3.1/node_modules/@clerk/backend/dist/chunk-GSO4M56Z.mjs:420:12)
    at createAuthenticateContext (webpack-internal:///(middleware)/../../node_modules/.pnpm/@clerk+backend@3.2.2_react-dom@18.3.1_react@18.3.1__react@18.3.1/node_modules/@clerk/backend/dist/chunk-GSO4M56Z.mjs:628:10)
    at async authenticateRequest (webpack-internal:///(middleware)/../../node_modules/.pnpm/@clerk+backend@3.2.2_react-dom@18.3.1_react@18.3.1__react@18.3.1/node_modules/@clerk/backend/dist/chunk-GSO4M56Z.mjs:5538:31)
    at async eval (webpack-internal:///(middleware)/../../node_modules/.pnpm/@clerk+nextjs@7.0.6_next@15.5.14_react-dom@18.3.1_react@18.3.1__react@18.3.1__react-dom_5866f21009a17d896deae86ab10aec93/node_modules/@clerk/nextjs/dist/esm/server/clerkMiddleware.js:105:28)
    at async eval (webpack-internal:///(middleware)/../../node_modules/.pnpm/next@15.5.14_react-dom@18.3.1_react@18.3.1__react@18.3.1/node_modules/next/dist/build/webpack/loaders/next-middleware-loader.js?absolutePagePath=%2FUsers%2Fyashvardhansinhjhala%2Fforge%2Fapps%2Fweb%2Fsrc%2Fmiddleware.ts&page=%2Fmiddleware&rootDir=%2FUsers%2Fyashvardhansinhjhala%2Fforge%2Fapps%2Fweb&matchers=&preferredRegion=&middlewareConfig=e30%3D!:32:20)
    at async eval (webpack-internal:///(middleware)/../../node_modules/.pnpm/next@15.5.14_react-dom@18.3.1_react@18.3.1__react@18.3.1/node_modules/next/dist/esm/server/web/adapter.js:255:28)
    at async adapter (webpack-internal:///(middleware)/../../node_modules/.pnpm/next@15.5.14_react-dom@18.3.1_react@18.3.1__react@18.3.1/node_modules/next/dist/esm/server/web/adapter.js:210:16)
[ 4350905ms] [LOG] [HMR] connected @ webpack-internal:///(pages-dir-browser)/../../node_modules/.pnpm/next@15.5.14_react-dom@18.3.1_react@18.3.1__react@18.3.1/node_modules/next/dist/client/dev/hot-reloader/pages/websocket.js:45
[ 4355856ms] [LOG] [Fast Refresh] rebuilding @ webpack-internal:///(pages-dir-browser)/../../node_modules/.pnpm/next@15.5.14_react-dom@18.3.1_react@18.3.1__react@18.3.1/node_modules/next/dist/client/dev/hot-reloader/pages/hot-reloader-pages.js:206
[ 4356496ms] [WARNING] [Fast Refresh] performing full reload because your application had an unrecoverable error @ webpack-internal:///(pages-dir-browser)/../../node_modules/.pnpm/next@15.5.14_react-dom@18.3.1_react@18.3.1__react@18.3.1/node_modules/next/dist/client/dev/hot-reloader/pages/hot-reloader-pages.js:347
[ 4356788ms] [ERROR] Failed to load resource: the server responded with a status of 500 (Internal Server Error) @ http://localhost:3000/payments:0
[ 4357052ms] [INFO] %cDownload the React DevTools for a better development experience: https://reactjs.org/link/react-devtools font-weight:bold @ webpack-internal:///(pages-dir-browser)/../../node_modules/.pnpm/react-dom@18.3.1_react@18.3.1/node_modules/react-dom/cjs/react-dom.development.js:29889
[ 4357063ms] Error: Publishable key not valid.
    at parsePublishableKey (webpack-internal:///(middleware)/../../node_modules/.pnpm/@clerk+shared@4.3.2_react-dom@18.3.1_react@18.3.1__react@18.3.1/node_modules/@clerk/shared/dist/runtime/keys-DuxzP8MU.mjs:70:54)
    at assertValidPublishableKey (webpack-internal:///(middleware)/../../node_modules/.pnpm/@clerk+backend@3.2.2_react-dom@18.3.1_react@18.3.1__react@18.3.1/node_modules/@clerk/backend/dist/chunk-GSO4M56Z.mjs:392:75)
    at AuthenticateContext.initPublishableKeyValues (webpack-internal:///(middleware)/../../node_modules/.pnpm/@clerk+backend@3.2.2_react-dom@18.3.1_react@18.3.1__react@18.3.1/node_modules/@clerk/backend/dist/chunk-GSO4M56Z.mjs:530:5)
    at new AuthenticateContext (webpack-internal:///(middleware)/../../node_modules/.pnpm/@clerk+backend@3.2.2_react-dom@18.3.1_react@18.3.1__react@18.3.1/node_modules/@clerk/backend/dist/chunk-GSO4M56Z.mjs:420:12)
    at createAuthenticateContext (webpack-internal:///(middleware)/../../node_modules/.pnpm/@clerk+backend@3.2.2_react-dom@18.3.1_react@18.3.1__react@18.3.1/node_modules/@clerk/backend/dist/chunk-GSO4M56Z.mjs:628:10)
    at async authenticateRequest (webpack-internal:///(middleware)/../../node_modules/.pnpm/@clerk+backend@3.2.2_react-dom@18.3.1_react@18.3.1__react@18.3.1/node_modules/@clerk/backend/dist/chunk-GSO4M56Z.mjs:5538:31)
    at async eval (webpack-internal:///(middleware)/../../node_modules/.pnpm/@clerk+nextjs@7.0.6_next@15.5.14_react-dom@18.3.1_react@18.3.1__react@18.3.1__react-dom_5866f21009a17d896deae86ab10aec93/node_modules/@clerk/nextjs/dist/esm/server/clerkMiddleware.js:105:28)
    at async eval (webpack-internal:///(middleware)/../../node_modules/.pnpm/next@15.5.14_react-dom@18.3.1_react@18.3.1__react@18.3.1/node_modules/next/dist/build/webpack/loaders/next-middleware-loader.js?absolutePagePath=%2FUsers%2Fyashvardhansinhjhala%2Fforge%2Fapps%2Fweb%2Fsrc%2Fmiddleware.ts&page=%2Fmiddleware&rootDir=%2FUsers%2Fyashvardhansinhjhala%2Fforge%2Fapps%2Fweb&matchers=&preferredRegion=&middlewareConfig=e30%3D!:32:20)
    at async eval (webpack-internal:///(middleware)/../../node_modules/.pnpm/next@15.5.14_react-dom@18.3.1_react@18.3.1__react@18.3.1/node_modules/next/dist/esm/server/web/adapter.js:255:28)
    at async adapter (webpack-internal:///(middleware)/../../node_modules/.pnpm/next@15.5.14_react-dom@18.3.1_react@18.3.1__react@18.3.1/node_modules/next/dist/esm/server/web/adapter.js:210:16)
[ 4357065ms] [LOG] [HMR] connected @ webpack-internal:///(pages-dir-browser)/../../node_modules/.pnpm/next@15.5.14_react-dom@18.3.1_react@18.3.1__react@18.3.1/node_modules/next/dist/client/dev/hot-reloader/pages/websocket.js:45
[ 4369131ms] [LOG] [Fast Refresh] rebuilding @ webpack-internal:///(pages-dir-browser)/../../node_modules/.pnpm/next@15.5.14_react-dom@18.3.1_react@18.3.1__react@18.3.1/node_modules/next/dist/client/dev/hot-reloader/pages/hot-reloader-pages.js:206
[ 4369732ms] [WARNING] [Fast Refresh] performing full reload because your application had an unrecoverable error @ webpack-internal:///(pages-dir-browser)/../../node_modules/.pnpm/next@15.5.14_react-dom@18.3.1_react@18.3.1__react@18.3.1/node_modules/next/dist/client/dev/hot-reloader/pages/hot-reloader-pages.js:347
[ 4370081ms] [ERROR] Failed to load resource: the server responded with a status of 500 (Internal Server Error) @ http://localhost:3000/payments:0
[ 4370288ms] [INFO] %cDownload the React DevTools for a better development experience: https://reactjs.org/link/react-devtools font-weight:bold @ webpack-internal:///(pages-dir-browser)/../../node_modules/.pnpm/react-dom@18.3.1_react@18.3.1/node_modules/react-dom/cjs/react-dom.development.js:29889
[ 4370316ms] Error: Publishable key not valid.
    at parsePublishableKey (webpack-internal:///(middleware)/../../node_modules/.pnpm/@clerk+shared@4.3.2_react-dom@18.3.1_react@18.3.1__react@18.3.1/node_modules/@clerk/shared/dist/runtime/keys-DuxzP8MU.mjs:70:54)
    at assertValidPublishableKey (webpack-internal:///(middleware)/../../node_modules/.pnpm/@clerk+backend@3.2.2_react-dom@18.3.1_react@18.3.1__react@18.3.1/node_modules/@clerk/backend/dist/chunk-GSO4M56Z.mjs:392:75)
    at AuthenticateContext.initPublishableKeyValues (webpack-internal:///(middleware)/../../node_modules/.pnpm/@clerk+backend@3.2.2_react-dom@18.3.1_react@18.3.1__react@18.3.1/node_modules/@clerk/backend/dist/chunk-GSO4M56Z.mjs:530:5)
    at new AuthenticateContext (webpack-internal:///(middleware)/../../node_modules/.pnpm/@clerk+backend@3.2.2_react-dom@18.3.1_react@18.3.1__react@18.3.1/node_modules/@clerk/backend/dist/chunk-GSO4M56Z.mjs:420:12)
    at createAuthenticateContext (webpack-internal:///(middleware)/../../node_modules/.pnpm/@clerk+backend@3.2.2_react-dom@18.3.1_react@18.3.1__react@18.3.1/node_modules/@clerk/backend/dist/chunk-GSO4M56Z.mjs:628:10)
    at async authenticateRequest (webpack-internal:///(middleware)/../../node_modules/.pnpm/@clerk+backend@3.2.2_react-dom@18.3.1_react@18.3.1__react@18.3.1/node_modules/@clerk/backend/dist/chunk-GSO4M56Z.mjs:5538:31)
    at async eval (webpack-internal:///(middleware)/../../node_modules/.pnpm/@clerk+nextjs@7.0.6_next@15.5.14_react-dom@18.3.1_react@18.3.1__react@18.3.1__react-dom_5866f21009a17d896deae86ab10aec93/node_modules/@clerk/nextjs/dist/esm/server/clerkMiddleware.js:105:28)
    at async eval (webpack-internal:///(middleware)/../../node_modules/.pnpm/next@15.5.14_react-dom@18.3.1_react@18.3.1__react@18.3.1/node_modules/next/dist/build/webpack/loaders/next-middleware-loader.js?absolutePagePath=%2FUsers%2Fyashvardhansinhjhala%2Fforge%2Fapps%2Fweb%2Fsrc%2Fmiddleware.ts&page=%2Fmiddleware&rootDir=%2FUsers%2Fyashvardhansinhjhala%2Fforge%2Fapps%2Fweb&matchers=&preferredRegion=&middlewareConfig=e30%3D!:32:20)
    at async eval (webpack-internal:///(middleware)/../../node_modules/.pnpm/next@15.5.14_react-dom@18.3.1_react@18.3.1__react@18.3.1/node_modules/next/dist/esm/server/web/adapter.js:255:28)
    at async adapter (webpack-internal:///(middleware)/../../node_modules/.pnpm/next@15.5.14_react-dom@18.3.1_react@18.3.1__react@18.3.1/node_modules/next/dist/esm/server/web/adapter.js:210:16)
[ 4370317ms] [LOG] [HMR] connected @ webpack-internal:///(pages-dir-browser)/../../node_modules/.pnpm/next@15.5.14_react-dom@18.3.1_react@18.3.1__react@18.3.1/node_modules/next/dist/client/dev/hot-reloader/pages/websocket.js:45
[ 4449044ms] [LOG] [Fast Refresh] rebuilding @ webpack-internal:///(pages-dir-browser)/../../node_modules/.pnpm/next@15.5.14_react-dom@18.3.1_react@18.3.1__react@18.3.1/node_modules/next/dist/client/dev/hot-reloader/pages/hot-reloader-pages.js:206
[ 4450031ms] [WARNING] [Fast Refresh] performing full reload because your application had an unrecoverable error @ webpack-internal:///(pages-dir-browser)/../../node_modules/.pnpm/next@15.5.14_react-dom@18.3.1_react@18.3.1__react@18.3.1/node_modules/next/dist/client/dev/hot-reloader/pages/hot-reloader-pages.js:347
[ 4450828ms] [LOG] [Fast Refresh] rebuilding @ webpack-internal:///(pages-dir-browser)/../../node_modules/.pnpm/next@15.5.14_react-dom@18.3.1_react@18.3.1__react@18.3.1/node_modules/next/dist/client/dev/hot-reloader/pages/hot-reloader-pages.js:206
[ 4452098ms] [LOG] [Fast Refresh] rebuilding @ webpack-internal:///(pages-dir-browser)/../../node_modules/.pnpm/next@15.5.14_react-dom@18.3.1_react@18.3.1__react@18.3.1/node_modules/next/dist/client/dev/hot-reloader/pages/hot-reloader-pages.js:206
[ 4452124ms] [ERROR] Failed to load resource: the server responded with a status of 500 (Internal Server Error) @ http://localhost:3000/payments:0
[ 4453343ms] [INFO] %cDownload the React DevTools for a better development experience: https://reactjs.org/link/react-devtools font-weight:bold @ webpack-internal:///(pages-dir-browser)/../../node_modules/.pnpm/react-dom@18.3.1_react@18.3.1/node_modules/react-dom/cjs/react-dom.development.js:29889
[ 4453383ms] Error: Publishable key not valid.
    at parsePublishableKey (webpack-internal:///(middleware)/../../node_modules/.pnpm/@clerk+shared@4.3.2_react-dom@18.3.1_react@18.3.1__react@18.3.1/node_modules/@clerk/shared/dist/runtime/keys-DuxzP8MU.mjs:70:54)
    at assertValidPublishableKey (webpack-internal:///(middleware)/../../node_modules/.pnpm/@clerk+backend@3.2.2_react-dom@18.3.1_react@18.3.1__react@18.3.1/node_modules/@clerk/backend/dist/chunk-GSO4M56Z.mjs:392:75)
    at AuthenticateContext.initPublishableKeyValues (webpack-internal:///(middleware)/../../node_modules/.pnpm/@clerk+backend@3.2.2_react-dom@18.3.1_react@18.3.1__react@18.3.1/node_modules/@clerk/backend/dist/chunk-GSO4M56Z.mjs:530:5)
    at new AuthenticateContext (webpack-internal:///(middleware)/../../node_modules/.pnpm/@clerk+backend@3.2.2_react-dom@18.3.1_react@18.3.1__react@18.3.1/node_modules/@clerk/backend/dist/chunk-GSO4M56Z.mjs:420:12)
    at createAuthenticateContext (webpack-internal:///(middleware)/../../node_modules/.pnpm/@clerk+backend@3.2.2_react-dom@18.3.1_react@18.3.1__react@18.3.1/node_modules/@clerk/backend/dist/chunk-GSO4M56Z.mjs:628:10)
    at async authenticateRequest (webpack-internal:///(middleware)/../../node_modules/.pnpm/@clerk+backend@3.2.2_react-dom@18.3.1_react@18.3.1__react@18.3.1/node_modules/@clerk/backend/dist/chunk-GSO4M56Z.mjs:5538:31)
    at async eval (webpack-internal:///(middleware)/../../node_modules/.pnpm/@clerk+nextjs@7.0.6_next@15.5.14_react-dom@18.3.1_react@18.3.1__react@18.3.1__react-dom_5866f21009a17d896deae86ab10aec93/node_modules/@clerk/nextjs/dist/esm/server/clerkMiddleware.js:105:28)
    at async eval (webpack-internal:///(middleware)/../../node_modules/.pnpm/next@15.5.14_react-dom@18.3.1_react@18.3.1__react@18.3.1/node_modules/next/dist/build/webpack/loaders/next-middleware-loader.js?absolutePagePath=%2FUsers%2Fyashvardhansinhjhala%2Fforge%2Fapps%2Fweb%2Fsrc%2Fmiddleware.ts&page=%2Fmiddleware&rootDir=%2FUsers%2Fyashvardhansinhjhala%2Fforge%2Fapps%2Fweb&matchers=&preferredRegion=&middlewareConfig=e30%3D!:32:20)
    at async eval (webpack-internal:///(middleware)/../../node_modules/.pnpm/next@15.5.14_react-dom@18.3.1_react@18.3.1__react@18.3.1/node_modules/next/dist/esm/server/web/adapter.js:255:28)
    at async adapter (webpack-internal:///(middleware)/../../node_modules/.pnpm/next@15.5.14_react-dom@18.3.1_react@18.3.1__react@18.3.1/node_modules/next/dist/esm/server/web/adapter.js:210:16)
[ 4453588ms] [LOG] [HMR] connected @ webpack-internal:///(pages-dir-browser)/../../node_modules/.pnpm/next@15.5.14_react-dom@18.3.1_react@18.3.1__react@18.3.1/node_modules/next/dist/client/dev/hot-reloader/pages/websocket.js:45
[ 4453808ms] [LOG] [Fast Refresh] rebuilding @ webpack-internal:///(pages-dir-browser)/../../node_modules/.pnpm/next@15.5.14_react-dom@18.3.1_react@18.3.1__react@18.3.1/node_modules/next/dist/client/dev/hot-reloader/pages/hot-reloader-pages.js:206
[ 4454420ms] [WARNING] [Fast Refresh] performing full reload because your application had an unrecoverable error @ webpack-internal:///(pages-dir-browser)/../../node_modules/.pnpm/next@15.5.14_react-dom@18.3.1_react@18.3.1__react@18.3.1/node_modules/next/dist/client/dev/hot-reloader/pages/hot-reloader-pages.js:347
[ 4454582ms] [LOG] [Fast Refresh] rebuilding @ webpack-internal:///(pages-dir-browser)/../../node_modules/.pnpm/next@15.5.14_react-dom@18.3.1_react@18.3.1__react@18.3.1/node_modules/next/dist/client/dev/hot-reloader/pages/hot-reloader-pages.js:206
[ 4455676ms] [WARNING] [Fast Refresh] performing full reload because your application had an unrecoverable error @ webpack-internal:///(pages-dir-browser)/../../node_modules/.pnpm/next@15.5.14_react-dom@18.3.1_react@18.3.1__react@18.3.1/node_modules/next/dist/client/dev/hot-reloader/pages/hot-reloader-pages.js:347
[ 4456296ms] [ERROR] Failed to load resource: the server responded with a status of 500 (Internal Server Error) @ http://localhost:3000/payments:0
[ 4456657ms] [INFO] %cDownload the React DevTools for a better development experience: https://reactjs.org/link/react-devtools font-weight:bold @ webpack-internal:///(pages-dir-browser)/../../node_modules/.pnpm/react-dom@18.3.1_react@18.3.1/node_modules/react-dom/cjs/react-dom.development.js:29889
[ 4456688ms] Error: Publishable key not valid.
    at parsePublishableKey (webpack-internal:///(middleware)/../../node_modules/.pnpm/@clerk+shared@4.3.2_react-dom@18.3.1_react@18.3.1__react@18.3.1/node_modules/@clerk/shared/dist/runtime/keys-DuxzP8MU.mjs:70:54)
    at assertValidPublishableKey (webpack-internal:///(middleware)/../../node_modules/.pnpm/@clerk+backend@3.2.2_react-dom@18.3.1_react@18.3.1__react@18.3.1/node_modules/@clerk/backend/dist/chunk-GSO4M56Z.mjs:392:75)
    at AuthenticateContext.initPublishableKeyValues (webpack-internal:///(middleware)/../../node_modules/.pnpm/@clerk+backend@3.2.2_react-dom@18.3.1_react@18.3.1__react@18.3.1/node_modules/@clerk/backend/dist/chunk-GSO4M56Z.mjs:530:5)
    at new AuthenticateContext (webpack-internal:///(middleware)/../../node_modules/.pnpm/@clerk+backend@3.2.2_react-dom@18.3.1_react@18.3.1__react@18.3.1/node_modules/@clerk/backend/dist/chunk-GSO4M56Z.mjs:420:12)
    at createAuthenticateContext (webpack-internal:///(middleware)/../../node_modules/.pnpm/@clerk+backend@3.2.2_react-dom@18.3.1_react@18.3.1__react@18.3.1/node_modules/@clerk/backend/dist/chunk-GSO4M56Z.mjs:628:10)
    at async authenticateRequest (webpack-internal:///(middleware)/../../node_modules/.pnpm/@clerk+backend@3.2.2_react-dom@18.3.1_react@18.3.1__react@18.3.1/node_modules/@clerk/backend/dist/chunk-GSO4M56Z.mjs:5538:31)
    at async eval (webpack-internal:///(middleware)/../../node_modules/.pnpm/@clerk+nextjs@7.0.6_next@15.5.14_react-dom@18.3.1_react@18.3.1__react@18.3.1__react-dom_5866f21009a17d896deae86ab10aec93/node_modules/@clerk/nextjs/dist/esm/server/clerkMiddleware.js:105:28)
    at async eval (webpack-internal:///(middleware)/../../node_modules/.pnpm/next@15.5.14_react-dom@18.3.1_react@18.3.1__react@18.3.1/node_modules/next/dist/build/webpack/loaders/next-middleware-loader.js?absolutePagePath=%2FUsers%2Fyashvardhansinhjhala%2Fforge%2Fapps%2Fweb%2Fsrc%2Fmiddleware.ts&page=%2Fmiddleware&rootDir=%2FUsers%2Fyashvardhansinhjhala%2Fforge%2Fapps%2Fweb&matchers=&preferredRegion=&middlewareConfig=e30%3D!:32:20)
    at async eval (webpack-internal:///(middleware)/../../node_modules/.pnpm/next@15.5.14_react-dom@18.3.1_react@18.3.1__react@18.3.1/node_modules/next/dist/esm/server/web/adapter.js:255:28)
    at async adapter (webpack-internal:///(middleware)/../../node_modules/.pnpm/next@15.5.14_react-dom@18.3.1_react@18.3.1__react@18.3.1/node_modules/next/dist/esm/server/web/adapter.js:210:16)
[ 4456687ms] [LOG] [HMR] connected @ webpack-internal:///(pages-dir-browser)/../../node_modules/.pnpm/next@15.5.14_react-dom@18.3.1_react@18.3.1__react@18.3.1/node_modules/next/dist/client/dev/hot-reloader/pages/websocket.js:45
[ 4458643ms] [LOG] [Fast Refresh] rebuilding @ webpack-internal:///(pages-dir-browser)/../../node_modules/.pnpm/next@15.5.14_react-dom@18.3.1_react@18.3.1__react@18.3.1/node_modules/next/dist/client/dev/hot-reloader/pages/hot-reloader-pages.js:206
[ 4459007ms] [WARNING] [Fast Refresh] performing full reload because your application had an unrecoverable error @ webpack-internal:///(pages-dir-browser)/../../node_modules/.pnpm/next@15.5.14_react-dom@18.3.1_react@18.3.1__react@18.3.1/node_modules/next/dist/client/dev/hot-reloader/pages/hot-reloader-pages.js:347
[ 4459143ms] [LOG] [Fast Refresh] rebuilding @ webpack-internal:///(pages-dir-browser)/../../node_modules/.pnpm/next@15.5.14_react-dom@18.3.1_react@18.3.1__react@18.3.1/node_modules/next/dist/client/dev/hot-reloader/pages/hot-reloader-pages.js:206
[ 4459872ms] [ERROR] Failed to load resource: the server responded with a status of 500 (Internal Server Error) @ http://localhost:3000/payments:0
[ 4460668ms] [INFO] %cDownload the React DevTools for a better development experience: https://reactjs.org/link/react-devtools font-weight:bold @ webpack-internal:///(pages-dir-browser)/../../node_modules/.pnpm/react-dom@18.3.1_react@18.3.1/node_modules/react-dom/cjs/react-dom.development.js:29889
[ 4460683ms] Error: Publishable key not valid.
    at parsePublishableKey (webpack-internal:///(middleware)/../../node_modules/.pnpm/@clerk+shared@4.3.2_react-dom@18.3.1_react@18.3.1__react@18.3.1/node_modules/@clerk/shared/dist/runtime/keys-DuxzP8MU.mjs:70:54)
    at assertValidPublishableKey (webpack-internal:///(middleware)/../../node_modules/.pnpm/@clerk+backend@3.2.2_react-dom@18.3.1_react@18.3.1__react@18.3.1/node_modules/@clerk/backend/dist/chunk-GSO4M56Z.mjs:392:75)
    at AuthenticateContext.initPublishableKeyValues (webpack-internal:///(middleware)/../../node_modules/.pnpm/@clerk+backend@3.2.2_react-dom@18.3.1_react@18.3.1__react@18.3.1/node_modules/@clerk/backend/dist/chunk-GSO4M56Z.mjs:530:5)
    at new AuthenticateContext (webpack-internal:///(middleware)/../../node_modules/.pnpm/@clerk+backend@3.2.2_react-dom@18.3.1_react@18.3.1__react@18.3.1/node_modules/@clerk/backend/dist/chunk-GSO4M56Z.mjs:420:12)
    at createAuthenticateContext (webpack-internal:///(middleware)/../../node_modules/.pnpm/@clerk+backend@3.2.2_react-dom@18.3.1_react@18.3.1__react@18.3.1/node_modules/@clerk/backend/dist/chunk-GSO4M56Z.mjs:628:10)
    at async authenticateRequest (webpack-internal:///(middleware)/../../node_modules/.pnpm/@clerk+backend@3.2.2_react-dom@18.3.1_react@18.3.1__react@18.3.1/node_modules/@clerk/backend/dist/chunk-GSO4M56Z.mjs:5538:31)
    at async eval (webpack-internal:///(middleware)/../../node_modules/.pnpm/@clerk+nextjs@7.0.6_next@15.5.14_react-dom@18.3.1_react@18.3.1__react@18.3.1__react-dom_5866f21009a17d896deae86ab10aec93/node_modules/@clerk/nextjs/dist/esm/server/clerkMiddleware.js:105:28)
    at async eval (webpack-internal:///(middleware)/../../node_modules/.pnpm/next@15.5.14_react-dom@18.3.1_react@18.3.1__react@18.3.1/node_modules/next/dist/build/webpack/loaders/next-middleware-loader.js?absolutePagePath=%2FUsers%2Fyashvardhansinhjhala%2Fforge%2Fapps%2Fweb%2Fsrc%2Fmiddleware.ts&page=%2Fmiddleware&rootDir=%2FUsers%2Fyashvardhansinhjhala%2Fforge%2Fapps%2Fweb&matchers=&preferredRegion=&middlewareConfig=e30%3D!:32:20)
    at async eval (webpack-internal:///(middleware)/../../node_modules/.pnpm/next@15.5.14_react-dom@18.3.1_react@18.3.1__react@18.3.1/node_modules/next/dist/esm/server/web/adapter.js:255:28)
    at async adapter (webpack-internal:///(middleware)/../../node_modules/.pnpm/next@15.5.14_react-dom@18.3.1_react@18.3.1__react@18.3.1/node_modules/next/dist/esm/server/web/adapter.js:210:16)
[ 4460684ms] [LOG] [HMR] connected @ webpack-internal:///(pages-dir-browser)/../../node_modules/.pnpm/next@15.5.14_react-dom@18.3.1_react@18.3.1__react@18.3.1/node_modules/next/dist/client/dev/hot-reloader/pages/websocket.js:45
[ 4464498ms] [LOG] [Fast Refresh] rebuilding @ webpack-internal:///(pages-dir-browser)/../../node_modules/.pnpm/next@15.5.14_react-dom@18.3.1_react@18.3.1__react@18.3.1/node_modules/next/dist/client/dev/hot-reloader/pages/hot-reloader-pages.js:206
[ 4464870ms] [WARNING] [Fast Refresh] performing full reload because your application had an unrecoverable error @ webpack-internal:///(pages-dir-browser)/../../node_modules/.pnpm/next@15.5.14_react-dom@18.3.1_react@18.3.1__react@18.3.1/node_modules/next/dist/client/dev/hot-reloader/pages/hot-reloader-pages.js:347
[ 4465158ms] [ERROR] Failed to load resource: the server responded with a status of 500 (Internal Server Error) @ http://localhost:3000/payments:0
[ 4465343ms] [INFO] %cDownload the React DevTools for a better development experience: https://reactjs.org/link/react-devtools font-weight:bold @ webpack-internal:///(pages-dir-browser)/../../node_modules/.pnpm/react-dom@18.3.1_react@18.3.1/node_modules/react-dom/cjs/react-dom.development.js:29889
[ 4465360ms] Error: Publishable key not valid.
    at parsePublishableKey (webpack-internal:///(middleware)/../../node_modules/.pnpm/@clerk+shared@4.3.2_react-dom@18.3.1_react@18.3.1__react@18.3.1/node_modules/@clerk/shared/dist/runtime/keys-DuxzP8MU.mjs:70:54)
    at assertValidPublishableKey (webpack-internal:///(middleware)/../../node_modules/.pnpm/@clerk+backend@3.2.2_react-dom@18.3.1_react@18.3.1__react@18.3.1/node_modules/@clerk/backend/dist/chunk-GSO4M56Z.mjs:392:75)
    at AuthenticateContext.initPublishableKeyValues (webpack-internal:///(middleware)/../../node_modules/.pnpm/@clerk+backend@3.2.2_react-dom@18.3.1_react@18.3.1__react@18.3.1/node_modules/@clerk/backend/dist/chunk-GSO4M56Z.mjs:530:5)
    at new AuthenticateContext (webpack-internal:///(middleware)/../../node_modules/.pnpm/@clerk+backend@3.2.2_react-dom@18.3.1_react@18.3.1__react@18.3.1/node_modules/@clerk/backend/dist/chunk-GSO4M56Z.mjs:420:12)
    at createAuthenticateContext (webpack-internal:///(middleware)/../../node_modules/.pnpm/@clerk+backend@3.2.2_react-dom@18.3.1_react@18.3.1__react@18.3.1/node_modules/@clerk/backend/dist/chunk-GSO4M56Z.mjs:628:10)
    at async authenticateRequest (webpack-internal:///(middleware)/../../node_modules/.pnpm/@clerk+backend@3.2.2_react-dom@18.3.1_react@18.3.1__react@18.3.1/node_modules/@clerk/backend/dist/chunk-GSO4M56Z.mjs:5538:31)
    at async eval (webpack-internal:///(middleware)/../../node_modules/.pnpm/@clerk+nextjs@7.0.6_next@15.5.14_react-dom@18.3.1_react@18.3.1__react@18.3.1__react-dom_5866f21009a17d896deae86ab10aec93/node_modules/@clerk/nextjs/dist/esm/server/clerkMiddleware.js:105:28)
    at async eval (webpack-internal:///(middleware)/../../node_modules/.pnpm/next@15.5.14_react-dom@18.3.1_react@18.3.1__react@18.3.1/node_modules/next/dist/build/webpack/loaders/next-middleware-loader.js?absolutePagePath=%2FUsers%2Fyashvardhansinhjhala%2Fforge%2Fapps%2Fweb%2Fsrc%2Fmiddleware.ts&page=%2Fmiddleware&rootDir=%2FUsers%2Fyashvardhansinhjhala%2Fforge%2Fapps%2Fweb&matchers=&preferredRegion=&middlewareConfig=e30%3D!:32:20)
    at async eval (webpack-internal:///(middleware)/../../node_modules/.pnpm/next@15.5.14_react-dom@18.3.1_react@18.3.1__react@18.3.1/node_modules/next/dist/esm/server/web/adapter.js:255:28)
    at async adapter (webpack-internal:///(middleware)/../../node_modules/.pnpm/next@15.5.14_react-dom@18.3.1_react@18.3.1__react@18.3.1/node_modules/next/dist/esm/server/web/adapter.js:210:16)
[ 4465362ms] [LOG] [HMR] connected @ webpack-internal:///(pages-dir-browser)/../../node_modules/.pnpm/next@15.5.14_react-dom@18.3.1_react@18.3.1__react@18.3.1/node_modules/next/dist/client/dev/hot-reloader/pages/websocket.js:45
[ 4497606ms] [LOG] [Fast Refresh] rebuilding @ webpack-internal:///(pages-dir-browser)/../../node_modules/.pnpm/next@15.5.14_react-dom@18.3.1_react@18.3.1__react@18.3.1/node_modules/next/dist/client/dev/hot-reloader/pages/hot-reloader-pages.js:206
[ 4498090ms] [ERROR] ./src/components/layout/role-switcher.tsx
Error: 

Caused by:
    0: Failed to read source code from /Users/yashvardhansinhjhala/forge/apps/web/src/components/layout/role-switcher.tsx
    1: No such file or directory (os error 2)

Import trace for requested module:
./src/components/layout/role-switcher.tsx
./src/components/layout/sidebar.tsx
./src/components/layout/dashboard-shell.tsx @ webpack-internal:///(pages-dir-browser)/../../node_modules/.pnpm/next@15.5.14_react-dom@18.3.1_react@18.3.1__react@18.3.1/node_modules/next/dist/next-devtools/userspace/pages/pages-dev-overlay-setup.js:76
[ 4498111ms] [LOG] {file: Object} @ webpack-internal:///(pages-dir-browser)/../../node_modules/.pnpm/next@15.5.14_react-dom@18.3.1_react@18.3.1__react@18.3.1/node_modules/next/dist/compiled/next-devtools/index.js:1630
[ 4498428ms] [ERROR] ./src/components/layout/role-switcher.tsx
Error: 

Caused by:
    0: Failed to read source code from /Users/yashvardhansinhjhala/forge/apps/web/src/components/layout/role-switcher.tsx
    1: No such file or directory (os error 2)

Import trace for requested module:
./src/components/layout/role-switcher.tsx
./src/components/layout/sidebar.tsx
./src/components/layout/dashboard-shell.tsx @ webpack-internal:///(pages-dir-browser)/../../node_modules/.pnpm/next@15.5.14_react-dom@18.3.1_react@18.3.1__react@18.3.1/node_modules/next/dist/next-devtools/userspace/pages/pages-dev-overlay-setup.js:76
[ 4501174ms] [ERROR] ./src/components/layout/role-switcher.tsx
Error: 

Caused by:
    0: Failed to read source code from /Users/yashvardhansinhjhala/forge/apps/web/src/components/layout/role-switcher.tsx
    1: No such file or directory (os error 2)

Import trace for requested module:
./src/components/layout/role-switcher.tsx
./src/components/layout/sidebar.tsx
./src/components/layout/dashboard-shell.tsx @ webpack-internal:///(pages-dir-browser)/../../node_modules/.pnpm/next@15.5.14_react-dom@18.3.1_react@18.3.1__react@18.3.1/node_modules/next/dist/next-devtools/userspace/pages/pages-dev-overlay-setup.js:76
[ 4502821ms] [WARNING] [Fast Refresh] performing full reload because your application had an unrecoverable error @ webpack-internal:///(pages-dir-browser)/../../node_modules/.pnpm/next@15.5.14_react-dom@18.3.1_react@18.3.1__react@18.3.1/node_modules/next/dist/client/dev/hot-reloader/pages/hot-reloader-pages.js:347
[ 4506324ms] [ERROR] Failed to load resource: the server responded with a status of 500 (Internal Server Error) @ http://localhost:3000/payments:0
[ 4508457ms] [INFO] %cDownload the React DevTools for a better development experience: https://reactjs.org/link/react-devtools font-weight:bold @ webpack-internal:///(pages-dir-browser)/../../node_modules/.pnpm/react-dom@18.3.1_react@18.3.1/node_modules/react-dom/cjs/react-dom.development.js:29889
[ 4508510ms] Error: Publishable key not valid.
    at parsePublishableKey (webpack-internal:///(middleware)/../../node_modules/.pnpm/@clerk+shared@4.3.2_react-dom@18.3.1_react@18.3.1__react@18.3.1/node_modules/@clerk/shared/dist/runtime/keys-DuxzP8MU.mjs:70:54)
    at assertValidPublishableKey (webpack-internal:///(middleware)/../../node_modules/.pnpm/@clerk+backend@3.2.2_react-dom@18.3.1_react@18.3.1__react@18.3.1/node_modules/@clerk/backend/dist/chunk-GSO4M56Z.mjs:392:75)
    at AuthenticateContext.initPublishableKeyValues (webpack-internal:///(middleware)/../../node_modules/.pnpm/@clerk+backend@3.2.2_react-dom@18.3.1_react@18.3.1__react@18.3.1/node_modules/@clerk/backend/dist/chunk-GSO4M56Z.mjs:530:5)
    at new AuthenticateContext (webpack-internal:///(middleware)/../../node_modules/.pnpm/@clerk+backend@3.2.2_react-dom@18.3.1_react@18.3.1__react@18.3.1/node_modules/@clerk/backend/dist/chunk-GSO4M56Z.mjs:420:12)
    at createAuthenticateContext (webpack-internal:///(middleware)/../../node_modules/.pnpm/@clerk+backend@3.2.2_react-dom@18.3.1_react@18.3.1__react@18.3.1/node_modules/@clerk/backend/dist/chunk-GSO4M56Z.mjs:628:10)
    at async authenticateRequest (webpack-internal:///(middleware)/../../node_modules/.pnpm/@clerk+backend@3.2.2_react-dom@18.3.1_react@18.3.1__react@18.3.1/node_modules/@clerk/backend/dist/chunk-GSO4M56Z.mjs:5538:31)
    at async eval (webpack-internal:///(middleware)/../../node_modules/.pnpm/@clerk+nextjs@7.0.6_next@15.5.14_react-dom@18.3.1_react@18.3.1__react@18.3.1__react-dom_5866f21009a17d896deae86ab10aec93/node_modules/@clerk/nextjs/dist/esm/server/clerkMiddleware.js:105:28)
    at async eval (webpack-internal:///(middleware)/../../node_modules/.pnpm/next@15.5.14_react-dom@18.3.1_react@18.3.1__react@18.3.1/node_modules/next/dist/build/webpack/loaders/next-middleware-loader.js?absolutePagePath=%2FUsers%2Fyashvardhansinhjhala%2Fforge%2Fapps%2Fweb%2Fsrc%2Fmiddleware.ts&page=%2Fmiddleware&rootDir=%2FUsers%2Fyashvardhansinhjhala%2Fforge%2Fapps%2Fweb&matchers=&preferredRegion=&middlewareConfig=e30%3D!:32:20)
    at async eval (webpack-internal:///(middleware)/../../node_modules/.pnpm/next@15.5.14_react-dom@18.3.1_react@18.3.1__react@18.3.1/node_modules/next/dist/esm/server/web/adapter.js:255:28)
    at async adapter (webpack-internal:///(middleware)/../../node_modules/.pnpm/next@15.5.14_react-dom@18.3.1_react@18.3.1__react@18.3.1/node_modules/next/dist/esm/server/web/adapter.js:210:16)
[ 4508511ms] [LOG] [HMR] connected @ webpack-internal:///(pages-dir-browser)/../../node_modules/.pnpm/next@15.5.14_react-dom@18.3.1_react@18.3.1__react@18.3.1/node_modules/next/dist/client/dev/hot-reloader/pages/websocket.js:45
[ 4509727ms] [WARNING] [Fast Refresh] performing full reload because your application had an unrecoverable error @ webpack-internal:///(pages-dir-browser)/../../node_modules/.pnpm/next@15.5.14_react-dom@18.3.1_react@18.3.1__react@18.3.1/node_modules/next/dist/client/dev/hot-reloader/pages/hot-reloader-pages.js:347
[ 4509885ms] [LOG] [Fast Refresh] rebuilding @ webpack-internal:///(pages-dir-browser)/../../node_modules/.pnpm/next@15.5.14_react-dom@18.3.1_react@18.3.1__react@18.3.1/node_modules/next/dist/client/dev/hot-reloader/pages/hot-reloader-pages.js:206
[ 4511687ms] [ERROR] Failed to load resource: the server responded with a status of 500 (Internal Server Error) @ http://localhost:3000/payments:0
[ 4512155ms] [INFO] %cDownload the React DevTools for a better development experience: https://reactjs.org/link/react-devtools font-weight:bold @ webpack-internal:///(pages-dir-browser)/../../node_modules/.pnpm/react-dom@18.3.1_react@18.3.1/node_modules/react-dom/cjs/react-dom.development.js:29889
[ 4512170ms] Error: Publishable key not valid.
    at parsePublishableKey (webpack-internal:///(middleware)/../../node_modules/.pnpm/@clerk+shared@4.3.2_react-dom@18.3.1_react@18.3.1__react@18.3.1/node_modules/@clerk/shared/dist/runtime/keys-DuxzP8MU.mjs:70:54)
    at assertValidPublishableKey (webpack-internal:///(middleware)/../../node_modules/.pnpm/@clerk+backend@3.2.2_react-dom@18.3.1_react@18.3.1__react@18.3.1/node_modules/@clerk/backend/dist/chunk-GSO4M56Z.mjs:392:75)
    at AuthenticateContext.initPublishableKeyValues (webpack-internal:///(middleware)/../../node_modules/.pnpm/@clerk+backend@3.2.2_react-dom@18.3.1_react@18.3.1__react@18.3.1/node_modules/@clerk/backend/dist/chunk-GSO4M56Z.mjs:530:5)
    at new AuthenticateContext (webpack-internal:///(middleware)/../../node_modules/.pnpm/@clerk+backend@3.2.2_react-dom@18.3.1_react@18.3.1__react@18.3.1/node_modules/@clerk/backend/dist/chunk-GSO4M56Z.mjs:420:12)
    at createAuthenticateContext (webpack-internal:///(middleware)/../../node_modules/.pnpm/@clerk+backend@3.2.2_react-dom@18.3.1_react@18.3.1__react@18.3.1/node_modules/@clerk/backend/dist/chunk-GSO4M56Z.mjs:628:10)
    at async authenticateRequest (webpack-internal:///(middleware)/../../node_modules/.pnpm/@clerk+backend@3.2.2_react-dom@18.3.1_react@18.3.1__react@18.3.1/node_modules/@clerk/backend/dist/chunk-GSO4M56Z.mjs:5538:31)
    at async eval (webpack-internal:///(middleware)/../../node_modules/.pnpm/@clerk+nextjs@7.0.6_next@15.5.14_react-dom@18.3.1_react@18.3.1__react@18.3.1__react-dom_5866f21009a17d896deae86ab10aec93/node_modules/@clerk/nextjs/dist/esm/server/clerkMiddleware.js:105:28)
    at async eval (webpack-internal:///(middleware)/../../node_modules/.pnpm/next@15.5.14_react-dom@18.3.1_react@18.3.1__react@18.3.1/node_modules/next/dist/build/webpack/loaders/next-middleware-loader.js?absolutePagePath=%2FUsers%2Fyashvardhansinhjhala%2Fforge%2Fapps%2Fweb%2Fsrc%2Fmiddleware.ts&page=%2Fmiddleware&rootDir=%2FUsers%2Fyashvardhansinhjhala%2Fforge%2Fapps%2Fweb&matchers=&preferredRegion=&middlewareConfig=e30%3D!:32:20)
    at async eval (webpack-internal:///(middleware)/../../node_modules/.pnpm/next@15.5.14_react-dom@18.3.1_react@18.3.1__react@18.3.1/node_modules/next/dist/esm/server/web/adapter.js:255:28)
    at async adapter (webpack-internal:///(middleware)/../../node_modules/.pnpm/next@15.5.14_react-dom@18.3.1_react@18.3.1__react@18.3.1/node_modules/next/dist/esm/server/web/adapter.js:210:16)
[ 4512175ms] [LOG] [HMR] connected @ webpack-internal:///(pages-dir-browser)/../../node_modules/.pnpm/next@15.5.14_react-dom@18.3.1_react@18.3.1__react@18.3.1/node_modules/next/dist/client/dev/hot-reloader/pages/websocket.js:45
[ 4541228ms] [LOG] [Fast Refresh] rebuilding @ webpack-internal:///(pages-dir-browser)/../../node_modules/.pnpm/next@15.5.14_react-dom@18.3.1_react@18.3.1__react@18.3.1/node_modules/next/dist/client/dev/hot-reloader/pages/hot-reloader-pages.js:206
[ 4541630ms] [WARNING] [Fast Refresh] performing full reload because your application had an unrecoverable error @ webpack-internal:///(pages-dir-browser)/../../node_modules/.pnpm/next@15.5.14_react-dom@18.3.1_react@18.3.1__react@18.3.1/node_modules/next/dist/client/dev/hot-reloader/pages/hot-reloader-pages.js:347
[ 4541952ms] [ERROR] Failed to load resource: the server responded with a status of 500 (Internal Server Error) @ http://localhost:3000/payments:0
[ 4542142ms] [INFO] %cDownload the React DevTools for a better development experience: https://reactjs.org/link/react-devtools font-weight:bold @ webpack-internal:///(pages-dir-browser)/../../node_modules/.pnpm/react-dom@18.3.1_react@18.3.1/node_modules/react-dom/cjs/react-dom.development.js:29889
[ 4542158ms] Error: Publishable key not valid.
    at parsePublishableKey (webpack-internal:///(middleware)/../../node_modules/.pnpm/@clerk+shared@4.3.2_react-dom@18.3.1_react@18.3.1__react@18.3.1/node_modules/@clerk/shared/dist/runtime/keys-DuxzP8MU.mjs:70:54)
    at assertValidPublishableKey (webpack-internal:///(middleware)/../../node_modules/.pnpm/@clerk+backend@3.2.2_react-dom@18.3.1_react@18.3.1__react@18.3.1/node_modules/@clerk/backend/dist/chunk-GSO4M56Z.mjs:392:75)
    at AuthenticateContext.initPublishableKeyValues (webpack-internal:///(middleware)/../../node_modules/.pnpm/@clerk+backend@3.2.2_react-dom@18.3.1_react@18.3.1__react@18.3.1/node_modules/@clerk/backend/dist/chunk-GSO4M56Z.mjs:530:5)
    at new AuthenticateContext (webpack-internal:///(middleware)/../../node_modules/.pnpm/@clerk+backend@3.2.2_react-dom@18.3.1_react@18.3.1__react@18.3.1/node_modules/@clerk/backend/dist/chunk-GSO4M56Z.mjs:420:12)
    at createAuthenticateContext (webpack-internal:///(middleware)/../../node_modules/.pnpm/@clerk+backend@3.2.2_react-dom@18.3.1_react@18.3.1__react@18.3.1/node_modules/@clerk/backend/dist/chunk-GSO4M56Z.mjs:628:10)
    at async authenticateRequest (webpack-internal:///(middleware)/../../node_modules/.pnpm/@clerk+backend@3.2.2_react-dom@18.3.1_react@18.3.1__react@18.3.1/node_modules/@clerk/backend/dist/chunk-GSO4M56Z.mjs:5538:31)
    at async eval (webpack-internal:///(middleware)/../../node_modules/.pnpm/@clerk+nextjs@7.0.6_next@15.5.14_react-dom@18.3.1_react@18.3.1__react@18.3.1__react-dom_5866f21009a17d896deae86ab10aec93/node_modules/@clerk/nextjs/dist/esm/server/clerkMiddleware.js:105:28)
    at async eval (webpack-internal:///(middleware)/../../node_modules/.pnpm/next@15.5.14_react-dom@18.3.1_react@18.3.1__react@18.3.1/node_modules/next/dist/build/webpack/loaders/next-middleware-loader.js?absolutePagePath=%2FUsers%2Fyashvardhansinhjhala%2Fforge%2Fapps%2Fweb%2Fsrc%2Fmiddleware.ts&page=%2Fmiddleware&rootDir=%2FUsers%2Fyashvardhansinhjhala%2Fforge%2Fapps%2Fweb&matchers=&preferredRegion=&middlewareConfig=e30%3D!:32:20)
    at async eval (webpack-internal:///(middleware)/../../node_modules/.pnpm/next@15.5.14_react-dom@18.3.1_react@18.3.1__react@18.3.1/node_modules/next/dist/esm/server/web/adapter.js:255:28)
    at async adapter (webpack-internal:///(middleware)/../../node_modules/.pnpm/next@15.5.14_react-dom@18.3.1_react@18.3.1__react@18.3.1/node_modules/next/dist/esm/server/web/adapter.js:210:16)
[ 4542158ms] [LOG] [HMR] connected @ webpack-internal:///(pages-dir-browser)/../../node_modules/.pnpm/next@15.5.14_react-dom@18.3.1_react@18.3.1__react@18.3.1/node_modules/next/dist/client/dev/hot-reloader/pages/websocket.js:45
